id,platform,identity,created
1,113,3,2020-09-16T18:29:04Z
2,973,2,2020-07-21T11:07:23Z
3,570,2,2020-11-14T05:39:12Z
4,533,3,2020-04-30T13:44:23Z
5,719,5,2021-01-23T19:39:48Z
6,977,4,2020-07-23T10:42:46Z
7,819,2,2020-04-24T18:03:30Z
8,67,2,2020-04-07T19:38:16Z
9,862,2,2021-01-07T19:08:37Z
10,15,5,2020-05-14T13:01:45Z
11,864,1,2020-05-03T20:08:18Z
12,352,1,2020-04-16T17:48:22Z
13,345,2,2021-01-03T15:50:37Z
14,486,2,2021-02-02T02:36:36Z
15,861,4,2020-10-29T07:59:14Z
16,687,3,2020-07-11T05:26:38Z
17,798,1,2020-10-08T22:29:02Z
18,196,5,2020-12-13T06:35:00Z
19,346,4,2021-01-24T05:25:03Z
20,774,2,2020-11-11T12:39:12Z
21,475,2,2020-09-27T12:11:31Z
22,830,1,2020-02-28T10:03:53Z
23,251,1,2020-03-25T18:06:37Z
24,237,4,2020-11-20T23:32:59Z
25,243,1,2021-01-19T12:20:54Z
26,959,1,2020-09-08T11:07:02Z
27,20,1,2020-10-16T18:12:21Z
28,462,4,2020-05-04T03:37:42Z
29,536,4,2020-06-03T19:20:34Z
30,639,1,2020-09-06T23:06:03Z
31,290,3,2020-07-25T14:40:42Z
32,247,5,2020-10-16T00:00:22Z
33,199,1,2020-10-08T07:42:59Z
34,278,3,2020-10-02T19:24:40Z
35,88,1,2020-08-03T14:49:35Z
36,98,2,2020-05-18T06:16:36Z
37,348,4,2020-04-26T17:49:17Z
38,584,4,2021-02-16T03:47:58Z
39,182,2,2021-01-12T23:31:24Z
40,412,3,2021-02-06T04:28:24Z
41,503,5,2020-12-30T08:51:14Z
42,324,5,2020-10-18T15:07:40Z
43,757,4,2020-11-06T05:55:22Z
44,821,1,2020-05-02T19:21:46Z
45,487,3,2020-04-30T20:52:17Z
46,312,5,2021-01-11T18:27:26Z
47,470,3,2020-10-23T14:52:37Z
48,391,1,2020-07-13T21:58:19Z
49,747,1,2020-08-18T11:12:45Z
50,679,2,2020-08-09T13:34:11Z
51,79,3,2021-02-02T06:56:47Z
52,440,3,2020-09-13T18:12:42Z
53,469,2,2020-05-09T23:52:12Z
54,766,5,2020-11-27T23:02:15Z
55,622,1,2020-11-25T16:34:24Z
56,220,5,2020-12-11T14:01:16Z
57,132,1,2020-04-22T08:58:58Z
58,607,3,2020-11-23T08:50:42Z
59,523,2,2020-04-07T05:41:06Z
60,224,4,2020-12-25T17:39:03Z
61,298,4,2020-08-22T20:31:02Z
62,506,1,2020-04-26T10:56:52Z
63,124,4,2020-11-16T21:42:01Z
64,268,4,2020-07-02T04:57:52Z
65,330,2,2021-01-21T01:09:10Z
66,281,5,2021-02-12T00:26:20Z
67,671,2,2020-09-26T09:55:14Z
68,999,5,2020-09-12T01:19:04Z
69,770,5,2020-09-16T09:47:13Z
70,732,3,2020-12-09T11:25:25Z
71,567,4,2020-07-09T04:31:51Z
72,209,3,2020-06-07T10:20:29Z
73,813,3,2020-03-25T21:44:28Z
74,597,3,2020-02-27T05:15:39Z
75,440,4,2020-06-06T07:49:00Z
76,398,4,2020-10-18T03:18:55Z
77,766,2,2020-03-25T00:07:04Z
78,870,1,2020-10-20T22:45:59Z
79,542,2,2020-05-24T19:57:55Z
80,124,5,2020-03-08T09:04:10Z
81,101,2,2020-07-18T04:06:57Z
82,776,3,2020-11-22T05:54:45Z
83,838,4,2020-09-21T20:46:07Z
84,74,3,2020-05-08T05:01:26Z
85,101,3,2021-01-07T05:08:39Z
86,25,3,2020-10-29T18:31:00Z
87,679,2,2020-08-20T05:17:47Z
88,883,4,2020-09-23T11:05:08Z
89,255,2,2020-03-22T12:21:43Z
90,60,4,2020-03-31T00:26:56Z
91,227,3,2020-05-07T09:12:44Z
92,309,1,2020-09-08T07:17:23Z
93,214,5,2020-08-23T18:54:49Z
94,679,3,2020-11-07T02:35:28Z
95,664,1,2020-05-01T02:47:29Z
96,748,1,2020-06-08T01:01:41Z
97,741,5,2020-08-10T02:21:07Z
98,789,3,2021-01-25T20:32:48Z
99,423,4,2020-02-28T07:49:23Z
100,523,2,2020-10-28T09:36:49Z
101,195,3,2021-02-19T16:26:26Z
102,470,5,2020-04-28T23:46:59Z
103,698,1,2021-01-30T10:18:10Z
104,823,3,2020-09-26T09:33:58Z
105,419,3,2020-10-29T23:53:38Z
106,985,4,2020-10-26T16:43:17Z
107,877,5,2020-05-15T09:15:32Z
108,43,4,2020-03-02T07:51:08Z
109,30,2,2020-10-13T05:51:33Z
110,109,4,2020-06-24T15:54:49Z
111,976,1,2020-06-18T18:44:09Z
112,493,2,2020-06-28T01:25:50Z
113,2,1,2021-01-25T13:28:06Z
114,878,3,2020-04-30T03:13:37Z
115,55,3,2020-05-25T19:22:29Z
116,268,1,2020-07-05T17:00:15Z
117,871,5,2020-03-04T10:38:32Z
118,221,4,2020-09-18T00:18:59Z
119,896,1,2021-02-20T01:43:28Z
120,565,1,2020-11-20T04:11:20Z
121,112,2,2021-02-16T11:29:36Z
122,706,5,2020-09-06T10:49:50Z
123,84,4,2020-10-30T05:58:42Z
124,927,4,2020-08-24T11:44:06Z
125,844,4,2020-11-20T09:44:08Z
126,201,2,2020-12-19T09:14:43Z
127,362,1,2020-03-25T01:10:01Z
128,773,3,2020-12-26T04:08:01Z
129,949,1,2020-05-04T09:35:16Z
130,118,4,2020-09-06T04:25:50Z
131,106,1,2020-03-15T15:02:40Z
132,921,5,2021-01-05T08:56:27Z
133,556,5,2020-08-29T20:34:33Z
134,734,4,2020-06-18T00:27:24Z
135,858,4,2020-08-15T08:41:15Z
136,867,3,2020-10-25T06:23:13Z
137,798,5,2020-11-28T19:19:34Z
138,83,4,2020-11-07T20:45:27Z
139,412,4,2020-10-30T20:08:17Z
140,356,3,2021-02-22T15:48:31Z
141,51,3,2020-04-15T19:37:01Z
142,129,5,2020-10-06T20:27:49Z
143,372,5,2020-11-03T02:40:59Z
144,12,2,2021-01-14T21:38:43Z
145,685,2,2020-11-25T14:26:46Z
146,56,3,2020-06-24T16:10:38Z
147,941,3,2021-01-16T12:24:01Z
148,864,3,2020-12-18T12:50:56Z
149,54,5,2020-09-14T20:51:02Z
150,23,1,2020-08-01T14:06:16Z
151,576,1,2021-02-21T04:07:03Z
152,246,2,2020-07-18T19:33:18Z
153,368,3,2020-10-09T10:31:30Z
154,390,2,2020-11-25T04:18:49Z
155,557,3,2020-07-05T14:54:23Z
156,879,1,2020-08-16T11:05:46Z
157,6,2,2020-11-13T14:06:44Z
158,950,4,2020-11-05T01:30:31Z
159,259,1,2020-11-22T21:13:57Z
160,351,4,2020-09-17T23:49:47Z
161,409,2,2020-07-10T07:05:19Z
162,132,3,2020-05-26T02:24:13Z
163,240,2,2021-01-01T13:16:30Z
164,17,5,2020-06-24T23:16:57Z
165,258,1,2020-06-20T06:27:28Z
166,908,1,2020-06-28T02:36:15Z
167,988,3,2021-02-01T19:47:12Z
168,258,5,2020-03-30T15:39:45Z
169,104,5,2020-09-05T20:48:19Z
170,927,4,2020-12-03T11:15:17Z
171,59,4,2020-07-24T00:20:17Z
172,89,1,2020-11-20T00:26:08Z
173,148,4,2020-11-07T03:48:17Z
174,458,5,2020-04-21T19:54:50Z
175,83,3,2020-08-27T16:10:23Z
176,464,3,2020-12-29T19:39:58Z
177,508,3,2020-03-23T15:24:32Z
178,666,3,2020-10-04T23:30:49Z
179,573,1,2020-06-15T09:05:56Z
180,385,5,2020-10-23T16:26:20Z
181,216,2,2020-06-07T12:46:13Z
182,912,2,2020-07-13T04:18:14Z
183,155,1,2020-09-26T17:08:55Z
184,104,5,2020-06-07T23:13:16Z
185,78,3,2020-10-24T16:09:10Z
186,618,5,2020-07-26T14:39:55Z
187,28,2,2020-09-12T03:57:16Z
188,563,2,2020-10-21T01:52:37Z
189,33,3,2021-02-22T14:44:52Z
190,912,4,2020-10-28T04:34:01Z
191,793,4,2020-02-24T12:24:15Z
192,314,4,2020-06-07T13:41:19Z
193,422,2,2020-07-11T16:11:57Z
194,27,1,2020-09-10T05:24:28Z
195,545,4,2020-09-24T22:50:41Z
196,380,5,2020-10-14T08:21:18Z
197,588,5,2020-07-21T15:22:34Z
198,595,5,2020-03-09T05:18:05Z
199,462,1,2020-03-01T19:35:12Z
200,929,4,2020-06-11T12:38:42Z
201,948,3,2020-11-27T22:04:23Z
202,637,5,2020-09-11T09:57:22Z
203,238,1,2020-04-14T22:33:13Z
204,240,5,2020-06-18T19:11:41Z
205,819,3,2020-02-27T05:54:22Z
206,944,4,2020-05-15T07:04:53Z
207,245,5,2020-10-18T03:58:46Z
208,644,1,2021-01-10T07:46:36Z
209,834,2,2021-01-19T00:07:02Z
210,19,4,2020-05-12T08:00:19Z
211,734,4,2020-11-19T20:35:30Z
212,673,5,2021-01-07T22:55:59Z
213,400,5,2021-01-11T23:36:12Z
214,483,1,2020-08-14T16:02:29Z
215,584,5,2020-11-22T11:57:11Z
216,637,1,2021-01-15T17:11:18Z
217,217,2,2020-11-23T14:02:28Z
218,907,2,2020-07-25T17:06:56Z
219,817,4,2020-06-06T06:22:04Z
220,282,1,2021-01-17T17:48:32Z
221,11,1,2021-02-12T02:40:39Z
222,947,1,2020-04-05T22:47:07Z
223,13,1,2020-09-10T23:06:36Z
224,972,5,2020-05-11T10:29:56Z
225,602,3,2020-02-26T14:57:52Z
226,654,4,2020-09-10T00:51:32Z
227,88,3,2020-12-16T01:13:11Z
228,481,1,2020-08-14T14:11:18Z
229,244,2,2020-07-12T00:09:37Z
230,863,3,2020-08-26T02:00:50Z
231,924,5,2020-05-16T19:52:30Z
232,169,2,2020-06-30T21:55:13Z
233,105,1,2020-12-13T04:17:47Z
234,980,3,2021-02-22T07:06:58Z
235,271,3,2020-04-16T20:21:48Z
236,174,4,2020-09-06T15:05:11Z
237,515,4,2021-01-24T08:31:47Z
238,316,5,2020-09-03T16:10:46Z
239,380,5,2020-06-16T11:26:24Z
240,59,2,2020-08-20T02:03:40Z
241,452,2,2021-01-24T22:12:58Z
242,752,5,2020-10-17T20:11:48Z
243,55,1,2020-04-05T13:42:03Z
244,333,1,2021-02-03T12:19:02Z
245,340,1,2020-05-27T10:39:29Z
246,717,2,2020-11-30T20:45:00Z
247,470,1,2020-09-15T13:02:30Z
248,746,4,2020-12-29T15:56:48Z
249,122,5,2021-01-27T10:35:05Z
250,289,1,2020-11-11T20:11:54Z
251,995,2,2020-12-14T07:51:12Z
252,883,5,2020-10-24T03:34:18Z
253,852,1,2020-03-11T12:40:54Z
254,687,4,2020-08-21T05:29:07Z
255,505,1,2020-08-08T02:54:23Z
256,372,4,2020-03-25T20:56:44Z
257,886,5,2020-09-10T16:03:19Z
258,54,2,2020-12-12T20:46:59Z
259,357,4,2020-08-16T15:19:52Z
260,663,4,2020-12-10T04:53:38Z
261,287,4,2020-12-14T13:23:16Z
262,192,1,2020-09-27T13:38:04Z
263,165,1,2021-02-22T14:08:26Z
264,735,3,2020-06-05T18:42:25Z
265,236,3,2021-01-01T06:04:23Z
266,784,5,2020-09-22T16:47:31Z
267,569,2,2020-10-29T17:21:07Z
268,4,1,2020-03-14T14:43:07Z
269,981,2,2020-09-14T06:35:21Z
270,476,2,2020-08-28T19:59:47Z
271,866,3,2020-05-18T07:13:06Z
272,455,4,2020-09-14T07:08:18Z
273,875,1,2020-12-26T10:25:19Z
274,280,4,2020-08-27T22:14:01Z
275,710,5,2020-08-24T12:20:50Z
276,152,5,2020-03-29T13:01:57Z
277,615,4,2020-05-17T11:32:55Z
278,720,4,2020-08-26T22:02:48Z
279,920,2,2021-01-12T00:46:21Z
280,281,2,2020-09-02T06:45:18Z
281,9,2,2020-12-24T05:06:42Z
282,99,1,2020-04-02T22:36:50Z
283,384,3,2020-05-07T14:40:45Z
284,30,2,2020-10-27T10:44:11Z
285,850,3,2020-05-07T11:28:55Z
286,47,5,2020-03-11T04:24:13Z
287,235,3,2020-11-23T04:19:40Z
288,569,1,2020-06-18T11:37:51Z
289,705,1,2020-10-21T18:33:12Z
290,206,4,2020-12-31T20:52:56Z
291,592,1,2020-06-21T23:24:30Z
292,134,1,2020-03-17T02:46:11Z
293,956,1,2020-07-18T17:02:44Z
294,545,4,2021-01-02T11:04:32Z
295,730,4,2020-04-02T05:39:58Z
296,698,4,2020-06-21T09:18:46Z
297,481,5,2020-05-15T16:15:34Z
298,837,5,2020-09-30T07:47:23Z
299,136,3,2020-06-13T10:27:17Z
300,640,5,2021-01-10T13:11:52Z
301,888,2,2020-10-30T22:59:54Z
302,509,3,2020-09-07T11:29:11Z
303,518,5,2020-10-17T00:53:52Z
304,140,3,2020-12-07T14:04:51Z
305,148,1,2020-06-23T12:55:51Z
306,427,3,2020-08-03T09:10:01Z
307,374,2,2020-07-22T15:41:06Z
308,288,5,2020-07-31T04:48:27Z
309,406,3,2020-07-08T08:30:36Z
310,823,1,2021-01-07T19:28:58Z
311,486,2,2020-10-22T22:49:14Z
312,270,3,2020-11-26T14:01:30Z
313,312,4,2021-02-18T11:56:23Z
314,137,2,2020-08-27T06:59:02Z
315,515,2,2020-03-24T06:42:51Z
316,417,5,2020-11-15T12:10:30Z
317,202,3,2021-01-06T19:09:20Z
318,114,3,2020-07-04T10:30:39Z
319,163,3,2020-09-02T23:48:28Z
320,657,5,2020-08-28T07:05:28Z
321,893,4,2020-07-15T03:51:14Z
322,509,4,2020-08-18T23:24:38Z
323,702,1,2020-10-29T07:01:35Z
324,796,1,2020-08-24T02:17:54Z
325,876,1,2020-03-24T00:42:58Z
326,338,2,2020-03-04T06:14:12Z
327,689,3,2021-01-16T05:19:57Z
328,231,1,2020-06-12T11:44:33Z
329,801,1,2020-10-27T17:18:33Z
330,972,3,2020-05-20T09:57:12Z
331,709,5,2020-10-03T15:20:03Z
332,3,3,2020-12-21T08:44:07Z
333,672,1,2020-10-31T01:31:39Z
334,716,2,2020-06-22T21:27:05Z
335,910,3,2020-10-02T06:59:46Z
336,408,4,2020-06-24T13:13:44Z
337,311,5,2020-05-22T11:05:40Z
338,785,5,2021-01-04T11:34:51Z
339,622,3,2020-03-31T02:59:44Z
340,531,5,2020-07-11T18:04:47Z
341,519,2,2020-06-09T23:33:35Z
342,371,1,2020-07-07T19:44:35Z
343,611,1,2020-10-30T05:21:13Z
344,107,1,2020-07-19T19:03:32Z
345,620,4,2020-07-15T13:59:02Z
346,801,4,2020-12-27T06:03:48Z
347,232,1,2021-01-12T03:48:24Z
348,805,3,2021-01-06T17:38:14Z
349,1000,4,2021-01-16T17:09:53Z
350,735,3,2020-05-28T10:53:16Z
351,169,3,2020-10-18T10:47:26Z
352,134,4,2020-11-26T23:33:50Z
353,275,5,2020-08-09T18:13:38Z
354,405,1,2020-10-11T09:41:29Z
355,7,2,2020-06-26T17:07:47Z
356,161,3,2020-10-19T17:04:54Z
357,585,2,2020-03-12T22:50:35Z
358,534,4,2020-03-17T16:05:34Z
359,818,4,2020-06-27T21:29:24Z
360,388,3,2020-09-08T17:27:28Z
361,745,3,2020-07-10T16:21:05Z
362,331,5,2020-10-13T01:08:12Z
363,823,3,2021-02-09T20:48:48Z
364,927,3,2020-07-08T12:10:29Z
365,349,2,2021-01-29T04:01:50Z
366,749,2,2020-03-12T06:48:42Z
367,185,5,2020-10-07T16:58:43Z
368,867,5,2020-05-19T13:15:26Z
369,282,5,2020-06-25T17:36:31Z
370,412,2,2020-02-29T11:45:44Z
371,957,4,2020-06-01T15:03:13Z
372,663,5,2020-05-21T05:17:30Z
373,124,2,2020-10-30T18:06:52Z
374,183,5,2020-04-05T23:25:15Z
375,279,1,2021-01-12T16:05:58Z
376,828,1,2020-09-01T15:24:38Z
377,542,2,2021-02-23T16:59:13Z
378,547,3,2020-04-01T09:38:01Z
379,983,5,2020-10-14T04:32:23Z
380,456,1,2020-05-16T17:23:15Z
381,827,4,2020-08-01T05:49:06Z
382,684,2,2021-01-05T07:07:51Z
383,959,3,2020-08-12T08:37:46Z
384,70,5,2020-03-22T01:27:28Z
385,39,4,2020-04-05T06:00:14Z
386,886,1,2021-02-11T17:12:53Z
387,337,3,2020-03-01T20:46:02Z
388,384,1,2020-07-03T02:28:30Z
389,83,3,2021-02-12T10:08:13Z
390,482,1,2020-05-02T20:41:32Z
391,536,4,2020-05-06T00:20:32Z
392,267,1,2021-02-02T00:01:30Z
393,489,2,2020-09-25T01:33:42Z
394,497,5,2020-09-06T02:13:24Z
395,436,4,2020-10-14T19:42:56Z
396,371,1,2021-01-10T02:06:36Z
397,179,2,2020-08-03T06:15:12Z
398,29,3,2020-07-11T07:36:22Z
399,371,4,2020-08-05T12:12:40Z
400,362,3,2020-12-10T03:27:34Z
401,288,2,2020-04-05T02:28:16Z
402,351,4,2020-08-11T16:52:56Z
403,425,5,2020-12-23T20:05:01Z
404,411,1,2020-07-21T11:52:19Z
405,830,3,2021-01-02T08:56:14Z
406,456,3,2020-10-25T15:55:07Z
407,607,1,2020-12-26T21:13:01Z
408,849,3,2020-12-26T12:01:15Z
409,327,3,2021-01-19T23:14:20Z
410,801,4,2020-06-17T22:12:15Z
411,200,2,2020-10-09T12:12:12Z
412,474,3,2021-01-27T12:02:16Z
413,698,1,2020-04-23T14:42:41Z
414,542,2,2020-11-24T12:34:06Z
415,791,5,2020-05-21T17:41:46Z
416,456,4,2020-04-02T11:52:00Z
417,850,3,2020-11-10T18:16:19Z
418,128,4,2020-10-04T11:45:30Z
419,526,4,2020-07-11T22:26:38Z
420,550,2,2020-10-24T11:52:34Z
421,9,4,2020-12-04T02:27:55Z
422,592,4,2020-03-02T00:00:28Z
423,319,2,2020-04-17T17:39:24Z
424,193,3,2020-06-30T11:48:49Z
425,347,3,2020-04-05T04:26:02Z
426,881,1,2020-09-03T04:23:06Z
427,363,3,2020-04-18T11:01:28Z
428,290,1,2020-03-13T11:17:11Z
429,278,3,2021-01-16T13:53:00Z
430,259,1,2020-09-03T05:14:17Z
431,554,2,2020-10-04T13:28:24Z
432,898,5,2020-10-22T19:43:08Z
433,932,5,2020-11-17T14:20:53Z
434,810,1,2020-07-31T20:20:42Z
435,92,4,2021-01-14T16:50:49Z
436,696,4,2020-05-09T22:25:38Z
437,944,1,2020-07-12T00:46:45Z
438,430,1,2020-08-26T13:37:59Z
439,127,1,2020-05-16T08:50:57Z
440,256,2,2020-10-14T07:04:41Z
441,767,4,2020-10-09T22:34:00Z
442,558,5,2020-05-29T10:20:19Z
443,687,2,2020-04-22T05:38:42Z
444,442,4,2020-04-29T19:34:19Z
445,260,2,2020-05-23T04:40:52Z
446,642,4,2020-11-03T00:33:06Z
447,347,5,2020-09-06T09:35:45Z
448,841,2,2020-04-05T15:22:26Z
449,129,3,2020-06-02T01:22:50Z
450,420,4,2020-09-17T08:13:34Z
451,893,2,2020-05-16T19:59:12Z
452,275,4,2020-11-19T09:17:04Z
453,58,4,2020-05-10T06:54:17Z
454,796,4,2020-03-31T01:26:02Z
455,905,3,2020-09-29T22:45:56Z
456,789,1,2020-10-13T04:35:45Z
457,597,3,2020-04-06T16:07:49Z
458,970,4,2021-01-22T15:19:26Z
459,288,4,2020-04-14T07:21:38Z
460,572,5,2020-04-20T15:45:59Z
461,780,2,2020-12-12T20:36:43Z
462,187,1,2020-06-05T08:41:00Z
463,678,2,2020-07-04T07:34:42Z
464,798,5,2020-05-28T13:20:49Z
465,857,2,2020-03-06T20:49:28Z
466,807,5,2020-08-01T05:03:53Z
467,285,2,2020-09-13T22:41:05Z
468,673,1,2020-05-08T04:34:22Z
469,304,4,2020-10-22T20:14:49Z
470,158,4,2020-08-20T15:18:44Z
471,42,1,2021-01-13T00:25:18Z
472,9,5,2021-02-01T00:02:47Z
473,988,5,2020-07-17T11:29:13Z
474,728,3,2020-08-20T15:49:39Z
475,767,1,2020-12-28T14:05:38Z
476,910,5,2020-08-02T19:52:15Z
477,167,5,2020-08-18T03:51:46Z
478,427,1,2020-10-22T03:22:32Z
479,649,2,2020-03-06T12:01:20Z
480,155,1,2021-01-04T03:19:25Z
481,712,2,2020-04-16T08:04:26Z
482,870,2,2020-03-12T12:47:57Z
483,593,2,2020-08-18T11:34:52Z
484,148,1,2020-07-26T17:15:37Z
485,330,4,2020-12-16T16:55:11Z
486,20,3,2020-06-29T16:07:38Z
487,115,3,2021-01-02T23:13:34Z
488,996,4,2020-07-13T18:21:26Z
489,828,3,2021-01-05T14:07:41Z
490,475,3,2020-11-29T11:13:27Z
491,485,2,2020-08-18T08:51:03Z
492,54,1,2020-04-21T02:55:35Z
493,870,5,2020-08-18T00:26:08Z
494,252,4,2020-09-11T08:43:56Z
495,685,4,2020-06-11T23:32:54Z
496,377,3,2021-01-15T13:38:31Z
497,98,3,2021-02-21T15:34:22Z
498,67,3,2020-06-07T22:53:51Z
499,800,5,2020-09-22T20:28:07Z
500,36,1,2020-06-23T09:26:43Z
501,980,1,2020-11-07T19:39:49Z
502,576,2,2020-06-20T04:28:56Z
503,886,2,2020-04-23T17:39:55Z
504,817,3,2020-07-09T01:38:36Z
505,739,1,2020-04-22T00:14:50Z
506,802,3,2020-10-10T21:40:48Z
507,552,5,2020-04-27T04:24:20Z
508,95,1,2020-06-02T19:27:54Z
509,255,5,2020-04-07T03:59:26Z
510,206,1,2020-04-14T01:26:34Z
511,948,2,2021-01-08T06:45:11Z
512,72,4,2020-07-09T10:29:42Z
513,512,5,2021-01-27T17:54:13Z
514,339,1,2020-07-12T15:19:24Z
515,697,2,2020-12-18T21:12:50Z
516,584,1,2020-12-10T00:46:32Z
517,201,5,2020-05-27T21:50:09Z
518,789,2,2020-06-17T14:56:50Z
519,547,1,2020-10-12T15:41:32Z
520,134,2,2021-01-25T03:16:57Z
521,144,5,2020-04-28T12:55:57Z
522,285,1,2020-04-04T19:28:43Z
523,374,2,2020-07-15T12:35:51Z
524,389,2,2020-02-26T22:34:19Z
525,6,2,2020-06-20T10:49:57Z
526,449,1,2021-02-19T10:43:10Z
527,648,4,2020-09-03T10:32:26Z
528,869,3,2021-01-15T03:14:39Z
529,719,3,2020-05-08T07:04:39Z
530,686,5,2020-10-06T16:13:59Z
531,918,3,2021-02-15T15:56:28Z
532,807,1,2020-10-06T22:53:50Z
533,231,5,2020-08-23T00:18:24Z
534,251,2,2020-06-05T08:21:26Z
535,646,2,2020-11-01T23:40:16Z
536,419,3,2020-11-20T21:25:22Z
537,647,5,2020-02-25T01:40:55Z
538,915,1,2020-11-23T10:07:35Z
539,162,2,2020-10-08T04:49:41Z
540,580,3,2021-01-15T12:32:32Z
541,323,5,2020-07-04T21:19:04Z
542,369,2,2021-01-27T01:22:05Z
543,137,3,2020-08-27T16:26:28Z
544,546,5,2020-11-16T03:53:19Z
545,879,5,2021-02-11T19:10:26Z
546,769,3,2020-11-07T21:37:30Z
547,622,5,2020-10-02T20:03:36Z
548,981,3,2020-12-04T04:27:36Z
549,385,5,2021-01-15T02:55:15Z
550,910,5,2020-10-21T09:03:24Z
551,132,4,2020-04-15T15:09:53Z
552,152,2,2020-07-27T05:43:28Z
553,449,1,2020-07-19T09:00:44Z
554,153,1,2020-10-18T05:51:18Z
555,530,2,2020-09-04T20:19:27Z
556,896,1,2020-04-16T15:15:10Z
557,236,3,2020-08-06T01:24:42Z
558,923,3,2021-02-15T00:27:23Z
559,155,1,2020-11-30T01:04:13Z
560,614,4,2020-11-11T06:18:51Z
561,356,4,2020-05-22T09:21:49Z
562,315,1,2020-08-15T22:12:27Z
563,748,1,2020-10-30T00:14:26Z
564,622,5,2020-10-29T10:29:40Z
565,503,5,2020-08-28T19:45:14Z
566,914,2,2020-02-25T12:10:33Z
567,185,4,2020-12-15T16:45:40Z
568,663,2,2021-02-07T14:55:06Z
569,537,3,2020-11-27T16:12:57Z
570,154,5,2020-09-26T17:18:50Z
571,53,1,2020-08-03T23:29:00Z
572,19,1,2020-12-23T01:34:18Z
573,6,5,2021-02-01T04:58:12Z
574,308,4,2020-12-25T04:23:55Z
575,215,2,2020-08-16T11:16:02Z
576,23,2,2020-04-29T20:45:47Z
577,505,1,2020-11-10T09:56:52Z
578,824,5,2020-05-17T21:56:17Z
579,361,3,2020-07-13T08:16:48Z
580,463,3,2021-01-13T00:59:40Z
581,872,5,2020-05-28T02:22:52Z
582,42,1,2020-06-19T23:33:05Z
583,904,4,2020-03-21T12:50:04Z
584,227,5,2020-02-28T23:53:20Z
585,711,4,2021-01-25T08:17:57Z
586,216,2,2020-03-28T16:55:34Z
587,446,5,2020-06-22T14:12:15Z
588,416,1,2020-08-24T04:31:07Z
589,147,4,2020-08-20T14:37:50Z
590,818,1,2020-04-11T08:38:53Z
591,54,2,2020-09-08T05:05:06Z
592,390,5,2020-09-29T09:45:10Z
593,74,2,2021-01-30T23:08:29Z
594,356,2,2021-01-18T16:36:39Z
595,311,5,2021-02-02T16:45:26Z
596,794,2,2020-08-07T09:14:40Z
597,121,3,2020-09-02T03:30:14Z
598,2,2,2021-01-04T05:44:57Z
599,464,1,2020-10-15T13:40:59Z
600,871,3,2020-09-29T01:08:30Z
601,119,3,2020-09-28T22:48:41Z
602,967,5,2020-08-03T01:45:04Z
603,216,2,2020-03-25T08:19:33Z
604,649,4,2020-11-17T20:19:35Z
605,232,5,2020-10-03T08:44:31Z
606,447,3,2020-09-04T04:26:42Z
607,346,1,2020-06-20T03:15:23Z
608,254,3,2020-05-13T01:54:23Z
609,30,3,2020-09-04T08:40:08Z
610,722,2,2020-04-30T17:10:02Z
611,501,5,2020-06-06T16:15:46Z
612,637,2,2020-09-22T21:57:24Z
613,176,5,2020-11-10T20:05:18Z
614,764,2,2020-10-18T07:03:50Z
615,1000,1,2020-11-04T06:50:53Z
616,585,5,2021-02-01T20:13:15Z
617,509,4,2020-08-15T14:54:52Z
618,57,5,2020-12-25T03:25:37Z
619,896,3,2020-12-25T04:08:22Z
620,185,5,2020-12-10T23:35:41Z
621,784,5,2020-12-15T04:34:49Z
622,868,3,2020-05-21T08:22:37Z
623,647,1,2020-11-30T09:11:20Z
624,637,5,2020-04-09T08:38:17Z
625,330,3,2020-06-18T02:53:04Z
626,987,5,2021-02-16T16:18:13Z
627,994,4,2021-02-17T13:54:44Z
628,879,2,2020-07-16T13:07:40Z
629,646,3,2020-12-25T16:19:45Z
630,843,2,2020-09-11T02:06:48Z
631,143,5,2020-05-11T05:02:22Z
632,577,4,2020-04-07T13:04:52Z
633,640,1,2020-03-06T00:18:59Z
634,281,2,2020-11-01T10:14:35Z
635,242,4,2020-03-25T12:56:32Z
636,968,2,2021-02-14T20:08:39Z
637,68,3,2020-07-24T23:03:18Z
638,459,4,2020-09-21T00:02:24Z
639,674,3,2020-03-19T18:44:41Z
640,33,2,2020-08-14T15:45:47Z
641,514,5,2021-01-16T18:07:44Z
642,813,1,2021-02-06T19:43:45Z
643,34,4,2020-06-14T01:32:49Z
644,129,1,2020-04-12T11:40:30Z
645,573,1,2020-08-29T19:50:20Z
646,538,4,2021-02-18T18:06:00Z
647,808,5,2020-07-20T13:43:30Z
648,160,2,2020-08-30T02:07:33Z
649,328,1,2020-07-24T16:55:33Z
650,680,5,2020-05-02T11:33:17Z
651,294,4,2020-10-03T20:44:16Z
652,108,1,2020-03-06T22:15:03Z
653,898,3,2020-10-03T19:14:35Z
654,402,3,2020-11-03T08:02:54Z
655,500,1,2020-09-17T20:01:45Z
656,572,4,2020-07-24T00:28:13Z
657,471,5,2020-08-20T10:38:01Z
658,172,1,2020-03-04T18:36:14Z
659,654,5,2020-04-13T14:17:38Z
660,267,2,2020-04-08T12:51:32Z
661,34,4,2020-08-30T17:38:48Z
662,681,3,2020-03-07T09:01:44Z
663,133,5,2020-04-12T15:31:45Z
664,203,2,2020-04-01T20:23:30Z
665,661,3,2021-02-10T06:37:45Z
666,59,3,2021-01-05T18:15:32Z
667,422,3,2020-09-10T02:03:23Z
668,468,5,2020-08-07T09:10:36Z
669,776,5,2020-09-11T09:55:41Z
670,84,3,2021-01-18T18:00:31Z
671,341,3,2020-11-10T21:11:29Z
672,341,3,2020-11-04T12:35:28Z
673,173,1,2020-09-18T22:31:09Z
674,977,3,2020-08-23T09:11:44Z
675,416,4,2020-07-02T17:10:28Z
676,179,3,2021-02-22T19:23:23Z
677,771,3,2020-09-16T17:26:12Z
678,326,4,2021-01-24T02:16:10Z
679,751,3,2020-09-20T06:43:28Z
680,661,5,2020-11-25T01:52:41Z
681,658,2,2020-02-25T14:54:56Z
682,275,4,2020-10-21T02:37:37Z
683,233,5,2020-09-30T07:04:05Z
684,495,5,2020-08-29T04:23:13Z
685,967,1,2020-04-06T00:25:41Z
686,490,5,2020-10-30T16:03:52Z
687,996,1,2020-03-26T17:27:05Z
688,317,4,2020-05-08T17:18:07Z
689,999,5,2020-05-27T04:55:06Z
690,283,4,2020-02-24T02:11:28Z
691,382,4,2020-05-27T13:46:54Z
692,790,4,2020-12-09T06:05:36Z
693,202,5,2020-05-23T04:20:02Z
694,233,4,2020-06-14T00:19:25Z
695,469,3,2020-05-08T00:03:15Z
696,68,4,2020-12-10T02:42:15Z
697,132,1,2021-02-03T18:22:38Z
698,998,2,2020-04-19T00:13:03Z
699,968,5,2020-10-27T09:10:50Z
700,292,4,2020-11-23T17:19:48Z
701,778,3,2020-07-21T01:12:05Z
702,73,2,2020-04-22T07:04:06Z
703,887,3,2020-12-13T05:35:55Z
704,891,2,2020-03-19T18:36:12Z
705,373,3,2020-07-16T03:31:50Z
706,734,2,2020-10-25T04:53:53Z
707,431,5,2020-10-01T21:59:05Z
708,777,3,2020-08-29T05:17:00Z
709,479,5,2021-02-06T11:32:43Z
710,318,3,2020-11-02T06:21:11Z
711,536,1,2021-01-29T05:45:42Z
712,240,5,2020-09-19T01:20:27Z
713,891,3,2021-02-12T09:25:45Z
714,477,5,2020-02-24T07:16:37Z
715,407,2,2020-08-26T06:23:55Z
716,851,4,2020-05-23T14:18:37Z
717,811,3,2020-06-29T03:31:15Z
718,353,5,2020-08-20T06:28:37Z
719,948,4,2020-06-08T10:11:02Z
720,390,4,2020-07-23T23:25:21Z
721,93,4,2020-07-12T00:51:20Z
722,753,4,2020-06-15T09:27:20Z
723,378,4,2020-11-22T03:10:45Z
724,467,2,2020-07-25T16:24:05Z
725,518,3,2020-04-28T15:56:03Z
726,1,4,2020-03-08T14:29:12Z
727,676,3,2020-02-28T05:37:55Z
728,726,3,2020-11-12T16:53:00Z
729,187,5,2020-08-22T09:01:32Z
730,987,3,2020-08-04T21:31:09Z
731,552,3,2020-12-08T10:01:23Z
732,517,1,2020-08-09T10:31:35Z
733,103,4,2020-06-17T05:21:49Z
734,175,3,2020-12-22T13:09:08Z
735,501,5,2020-11-14T05:43:54Z
736,916,3,2020-07-10T06:17:56Z
737,539,2,2020-04-11T13:13:15Z
738,792,1,2020-09-27T03:47:03Z
739,90,1,2020-07-18T06:38:19Z
740,966,1,2020-09-30T07:36:26Z
741,317,5,2020-09-16T14:12:49Z
742,310,4,2020-11-15T15:24:09Z
743,174,1,2021-01-08T09:32:36Z
744,519,3,2021-01-04T06:45:16Z
745,278,2,2020-11-02T12:39:16Z
746,890,2,2020-09-03T18:33:47Z
747,347,5,2020-09-01T11:22:54Z
748,162,5,2020-11-11T19:53:41Z
749,504,2,2020-03-17T00:45:02Z
750,277,3,2020-12-14T22:38:22Z
751,251,3,2020-10-04T00:15:03Z
752,22,1,2020-12-29T01:35:01Z
753,780,2,2020-06-17T14:55:05Z
754,548,3,2020-06-13T22:58:04Z
755,546,3,2020-11-02T14:57:41Z
756,508,3,2020-08-20T12:03:59Z
757,518,2,2020-06-04T16:25:45Z
758,804,1,2020-03-07T15:22:26Z
759,821,3,2020-03-06T04:40:45Z
760,560,3,2020-09-03T13:55:25Z
761,831,3,2020-04-19T01:11:35Z
762,737,2,2020-11-23T07:04:00Z
763,926,2,2020-06-27T01:38:21Z
764,987,5,2021-01-01T17:46:00Z
765,961,4,2021-02-18T01:10:30Z
766,702,2,2020-03-07T00:02:38Z
767,245,3,2020-05-29T07:35:39Z
768,657,1,2020-05-09T22:57:02Z
769,531,4,2020-08-12T21:22:11Z
770,764,2,2020-07-28T05:59:22Z
771,476,2,2020-12-29T19:09:14Z
772,774,5,2020-12-13T16:35:27Z
773,878,2,2020-04-16T19:12:35Z
774,685,1,2020-10-28T18:36:31Z
775,950,4,2020-03-20T06:29:05Z
776,242,3,2020-03-20T10:22:04Z
777,650,1,2020-12-06T17:55:42Z
778,878,2,2020-10-03T17:43:26Z
779,35,5,2020-09-30T09:27:26Z
780,758,2,2020-03-18T19:24:35Z
781,38,3,2021-01-24T07:12:49Z
782,631,4,2020-03-07T17:26:09Z
783,786,4,2020-05-11T11:15:15Z
784,697,5,2020-10-20T11:09:53Z
785,700,3,2020-04-02T01:06:16Z
786,696,4,2020-08-22T04:00:55Z
787,76,5,2020-08-19T17:03:06Z
788,632,1,2020-06-19T04:27:16Z
789,450,1,2020-10-05T05:25:20Z
790,576,3,2020-10-09T14:06:20Z
791,36,5,2020-08-16T07:07:49Z
792,53,4,2020-06-11T03:09:19Z
793,148,1,2021-01-22T05:51:20Z
794,830,2,2020-11-05T10:03:30Z
795,750,4,2021-01-27T17:20:25Z
796,556,1,2020-04-21T23:35:59Z
797,279,3,2020-05-20T08:04:28Z
798,450,3,2020-05-18T14:01:55Z
799,425,2,2020-07-08T07:38:37Z
800,163,1,2020-12-22T10:59:50Z
801,943,2,2020-06-15T02:49:10Z
802,388,5,2020-04-26T17:46:26Z
803,130,5,2020-08-09T21:13:39Z
804,633,4,2020-07-04T23:53:54Z
805,717,3,2020-10-17T21:34:44Z
806,883,4,2020-06-07T20:39:46Z
807,635,4,2020-09-23T12:20:37Z
808,764,4,2021-02-18T05:58:19Z
809,176,2,2020-07-09T16:47:47Z
810,125,1,2021-01-22T16:03:26Z
811,602,4,2020-10-27T00:20:04Z
812,163,2,2021-02-15T23:27:34Z
813,564,2,2020-07-23T19:45:05Z
814,435,1,2021-02-10T22:07:50Z
815,665,1,2020-04-24T01:22:29Z
816,215,4,2020-09-08T09:05:32Z
817,596,3,2020-08-13T07:51:11Z
818,224,2,2020-12-14T04:34:46Z
819,911,3,2020-07-01T19:40:40Z
820,796,3,2020-12-17T01:52:02Z
821,676,2,2021-01-01T17:09:16Z
822,883,1,2020-08-18T06:49:18Z
823,653,3,2020-05-07T17:27:33Z
824,231,1,2021-01-20T06:27:14Z
825,254,1,2021-01-08T16:24:02Z
826,735,5,2020-06-12T00:45:42Z
827,761,5,2020-12-11T06:38:23Z
828,285,2,2020-07-18T08:18:07Z
829,254,3,2020-05-18T01:26:25Z
830,790,3,2020-10-13T18:01:11Z
831,421,4,2020-10-24T12:03:46Z
832,134,3,2020-07-10T02:05:45Z
833,903,2,2020-12-06T18:55:39Z
834,210,3,2021-01-05T03:26:50Z
835,739,2,2020-07-01T03:35:23Z
836,615,1,2020-11-25T01:01:00Z
837,928,2,2020-04-08T12:42:01Z
838,845,1,2020-04-12T09:57:08Z
839,877,3,2020-11-07T02:34:51Z
840,903,3,2020-10-30T09:42:18Z
841,364,3,2020-05-23T03:15:49Z
842,925,5,2020-03-14T14:32:33Z
843,570,3,2020-06-21T10:58:11Z
844,585,3,2020-07-08T14:23:32Z
845,897,5,2020-05-31T16:05:12Z
846,357,3,2021-01-18T22:33:54Z
847,716,1,2021-02-14T07:50:13Z
848,497,2,2020-12-02T05:46:33Z
849,673,3,2020-05-09T22:28:55Z
850,703,1,2021-02-04T19:57:19Z
851,359,4,2020-06-04T01:53:12Z
852,10,3,2020-10-09T10:39:00Z
853,57,5,2020-09-06T14:30:31Z
854,741,4,2020-03-25T15:21:05Z
855,323,1,2020-10-21T22:03:45Z
856,264,4,2020-09-13T19:16:10Z
857,564,4,2021-02-13T19:40:54Z
858,955,2,2021-02-18T12:09:08Z
859,143,2,2020-05-27T23:13:34Z
860,734,4,2020-12-13T05:27:04Z
861,373,4,2021-01-08T21:48:11Z
862,388,1,2020-05-21T22:26:08Z
863,711,4,2020-12-10T02:03:56Z
864,486,1,2020-09-11T06:29:59Z
865,541,1,2020-09-28T14:05:24Z
866,985,3,2020-12-01T10:38:58Z
867,732,5,2020-06-11T14:25:45Z
868,543,4,2020-03-07T09:52:08Z
869,38,2,2020-05-17T10:20:08Z
870,222,2,2021-02-06T11:21:37Z
871,555,5,2020-07-17T08:00:55Z
872,755,5,2020-05-05T21:01:38Z
873,410,2,2020-12-06T11:26:50Z
874,477,4,2020-04-28T02:01:00Z
875,751,3,2020-10-16T12:54:48Z
876,198,3,2020-08-11T15:51:59Z
877,425,4,2020-06-24T03:17:26Z
878,593,3,2020-04-03T06:33:05Z
879,755,5,2020-10-28T03:21:43Z
880,355,2,2020-06-06T02:27:52Z
881,589,5,2020-05-02T21:17:38Z
882,603,2,2020-07-31T16:12:48Z
883,497,2,2020-04-29T12:40:50Z
884,678,1,2020-05-04T06:48:08Z
885,111,1,2021-01-12T10:26:02Z
886,133,5,2021-02-16T21:31:09Z
887,758,5,2020-11-15T18:14:16Z
888,757,3,2020-11-29T22:48:55Z
889,41,2,2021-01-18T14:13:06Z
890,853,3,2020-08-03T20:01:56Z
891,917,5,2020-10-24T22:19:49Z
892,597,3,2020-04-03T02:03:25Z
893,204,5,2020-10-16T20:19:40Z
894,602,5,2021-01-03T06:54:33Z
895,550,3,2020-07-31T00:47:31Z
896,351,5,2020-10-25T05:26:45Z
897,246,2,2020-04-12T17:41:02Z
898,226,2,2020-05-25T03:34:11Z
899,796,2,2020-04-30T04:07:53Z
900,41,3,2021-02-05T22:20:53Z
901,701,1,2020-07-17T18:28:46Z
902,856,2,2020-04-02T18:51:31Z
903,217,4,2020-09-13T19:17:18Z
904,467,1,2020-09-12T03:58:04Z
905,436,4,2021-01-05T11:08:15Z
906,279,1,2020-08-22T13:27:03Z
907,710,1,2020-09-11T13:22:59Z
908,208,3,2020-06-26T18:56:11Z
909,876,5,2020-07-26T20:16:29Z
910,788,5,2020-07-31T08:25:32Z
911,376,5,2020-09-05T05:35:38Z
912,607,3,2020-04-14T20:07:48Z
913,946,3,2020-03-03T18:32:59Z
914,297,2,2020-03-16T22:43:13Z
915,567,1,2020-03-05T10:16:05Z
916,678,2,2020-04-06T13:25:34Z
917,320,4,2020-09-18T10:31:19Z
918,684,3,2021-02-14T02:03:41Z
919,277,4,2020-02-27T18:58:22Z
920,754,3,2020-09-19T02:41:41Z
921,899,4,2020-11-02T23:02:58Z
922,38,1,2020-05-02T18:20:23Z
923,484,2,2020-09-20T09:18:17Z
924,252,2,2020-12-23T13:33:35Z
925,590,2,2020-06-23T06:18:00Z
926,406,5,2021-01-05T23:29:42Z
927,222,2,2020-04-09T11:48:03Z
928,637,3,2020-08-01T08:07:20Z
929,731,1,2020-10-22T07:57:18Z
930,100,1,2020-12-28T07:29:56Z
931,399,4,2021-01-23T14:16:30Z
932,612,1,2021-01-23T01:57:29Z
933,229,5,2020-05-14T05:04:14Z
934,480,4,2020-04-11T07:50:38Z
935,323,5,2021-02-20T06:24:25Z
936,230,5,2020-04-10T08:47:45Z
937,938,1,2020-05-26T11:03:40Z
938,82,1,2020-05-12T04:02:39Z
939,475,5,2021-01-25T04:30:37Z
940,452,5,2020-07-02T11:30:13Z
941,658,3,2020-06-03T16:34:58Z
942,43,5,2020-11-20T18:29:24Z
943,773,1,2020-05-28T16:27:28Z
944,854,5,2020-03-16T05:58:16Z
945,903,1,2020-11-23T01:48:45Z
946,697,4,2020-03-19T06:15:33Z
947,798,3,2020-08-19T22:08:32Z
948,809,2,2021-01-14T20:30:28Z
949,528,2,2020-06-14T10:33:09Z
950,611,4,2020-08-30T10:31:21Z
951,615,4,2020-06-15T05:38:40Z
952,52,1,2021-01-14T05:33:30Z
953,775,4,2021-01-15T00:04:22Z
954,417,3,2020-07-30T16:26:39Z
955,301,2,2020-06-13T11:09:01Z
956,324,4,2021-02-11T09:01:09Z
957,352,1,2020-09-22T05:26:00Z
958,283,2,2020-05-10T05:54:43Z
959,863,4,2020-08-15T09:15:40Z
960,67,5,2020-07-26T04:37:03Z
961,394,5,2020-12-06T00:07:45Z
962,599,4,2020-02-25T01:12:20Z
963,65,4,2020-10-18T12:15:49Z
964,663,4,2020-06-08T13:00:53Z
965,313,1,2020-05-19T20:57:21Z
966,944,3,2020-06-17T08:34:31Z
967,285,1,2021-01-07T00:46:44Z
968,138,5,2021-01-16T10:20:32Z
969,528,4,2020-08-08T06:37:20Z
970,750,1,2021-02-02T10:50:48Z
971,521,4,2020-05-31T00:08:35Z
972,354,2,2020-08-11T00:15:37Z
973,521,3,2020-11-08T16:52:47Z
974,991,5,2021-02-04T19:01:58Z
975,87,1,2020-06-16T00:55:54Z
976,896,5,2020-06-27T19:33:32Z
977,263,1,2020-08-08T17:38:55Z
978,852,4,2020-09-04T23:55:49Z
979,230,4,2020-07-07T00:53:54Z
980,837,3,2020-11-08T19:10:24Z
981,85,4,2020-05-10T13:47:49Z
982,609,2,2020-09-01T08:29:29Z
983,189,1,2020-07-18T07:32:30Z
984,308,1,2020-11-25T05:36:16Z
985,37,2,2020-07-04T22:32:50Z
986,991,2,2020-09-28T03:13:59Z
987,528,2,2020-03-04T01:00:55Z
988,693,2,2020-03-23T00:37:41Z
989,623,1,2020-02-28T07:58:15Z
990,182,1,2020-08-26T16:45:04Z
991,963,2,2020-05-19T17:22:03Z
992,103,4,2020-11-24T04:50:23Z
993,917,3,2020-12-28T08:28:27Z
994,689,1,2020-10-27T15:33:16Z
995,826,2,2020-07-29T19:37:26Z
996,923,2,2020-05-17T03:18:27Z
997,196,2,2020-10-05T12:18:18Z
998,782,1,2020-06-14T02:03:06Z
999,387,3,2020-04-25T22:16:17Z
1000,247,3,2020-03-20T18:22:34Z
