id,account,created,value
1,73,2020-03-30T05:31:19Z,GNeicJOJwN2
2,925,2020-03-09T05:16:58Z,44r9XN
3,997,2020-10-09T22:20:51Z,Z0524Phd
4,744,2020-03-16T12:59:52Z,mwkP3efH5e
5,475,2020-05-06T09:59:58Z,FKmiXnNeiG
6,964,2020-05-15T00:30:24Z,Hm3yljS
7,530,2021-01-18T18:41:59Z,g3LwfR1jtfb
8,138,2020-05-19T21:35:27Z,yQnj1ny
9,239,2021-01-08T05:23:48Z,yXNa7kf731I
10,926,2020-12-25T09:20:24Z,mZNycN8apxZ
11,275,2020-04-03T20:44:50Z,dtupJO58FBq
12,370,2020-08-24T01:41:57Z,mNEdrGh
13,479,2020-09-18T22:00:10Z,0RKhiux
14,634,2020-04-29T09:21:11Z,0s7sNBnWwDAB
15,853,2020-08-28T10:48:14Z,4NpwWmn
16,838,2020-03-22T22:26:56Z,3MguWn21qy
17,990,2020-08-25T18:07:54Z,2DRAO5hvAO
18,920,2020-12-29T08:53:07Z,Vha4r9bch
19,272,2020-03-31T09:46:47Z,BzUJFm
20,14,2020-06-30T01:38:32Z,q4LqPGyfcJmM
21,735,2020-07-16T07:02:31Z,xTHQtj
22,461,2020-06-04T06:36:16Z,0QKHO2
23,586,2020-06-22T21:48:42Z,4hqjGp3Wl
24,381,2021-01-13T12:41:13Z,aPIxIQZA
25,310,2020-09-21T01:08:26Z,gN8PtAFvIaTl
26,319,2020-08-14T00:03:43Z,tXgBla1
27,558,2020-05-01T03:01:09Z,cLI46RQB
28,666,2020-06-14T20:53:19Z,vD8jkQHH
29,714,2021-02-18T10:54:58Z,HVW82TWBNKGj
30,303,2020-04-14T16:03:44Z,ays55CbX9Uj
31,298,2020-12-01T17:06:34Z,nKflh7TOWw7i
32,187,2020-11-30T08:08:36Z,CnFutkbp5I0n
33,600,2020-06-13T06:16:04Z,f8FI3eNq
34,592,2020-07-08T16:21:40Z,WJzoq7e
35,896,2020-09-08T20:47:20Z,tiWHakQVa
36,943,2020-09-29T01:02:32Z,qZ70Ao
37,913,2020-05-18T20:35:25Z,ZmZLCTXVBY
38,19,2020-12-02T18:17:55Z,Lu8EeXAMo38v
39,427,2020-05-22T12:01:42Z,tNbvSZ6
40,743,2020-04-15T18:45:05Z,CfjGjWrZsx5S
41,639,2020-09-18T07:53:07Z,KYM4Kc6uViuk
42,530,2020-06-04T20:03:03Z,C9VDz0gKBV
43,83,2021-01-31T06:10:28Z,z0dwcuTYa
44,339,2020-03-17T15:00:47Z,8ggWzPZZgDW
45,789,2020-07-13T06:15:05Z,Of2g0mok5fo
46,382,2021-01-03T14:54:37Z,qYh64kAjz
47,458,2020-03-16T15:08:40Z,7NVAtxbqspV
48,214,2020-07-07T04:30:04Z,nkkLimB7lE
49,189,2020-08-05T22:38:37Z,AMa4PAdswy
50,573,2020-09-24T05:54:10Z,f9nxWdgKm6
51,150,2020-10-17T00:25:22Z,BmzcKYS8qoUD
52,217,2020-07-20T07:22:20Z,D9Lkw7sqz
53,226,2021-02-13T20:24:28Z,5xbm9P1X45
54,806,2020-11-13T01:50:31Z,w5teBJf
55,801,2020-11-27T05:23:44Z,uNuSjH
56,406,2020-03-28T03:23:56Z,uymah8Mg0SZ
57,210,2020-11-21T13:15:45Z,mmhPEv
58,338,2020-05-22T13:10:53Z,tvb5OKH69W6
59,71,2020-07-25T18:40:17Z,mRlWPP1swqBw
60,60,2020-03-16T14:10:14Z,OcmbZ5
61,873,2020-05-01T06:51:08Z,iOSX3b9QGQu
62,727,2021-01-26T16:12:47Z,f0Phi8kF4
63,935,2021-02-15T23:30:33Z,Ymx2nr
64,335,2021-01-19T17:46:15Z,cunI9rv2Hp
65,220,2021-01-18T11:49:23Z,vc5w3dR
66,869,2020-10-02T20:04:32Z,H7yvTlBE
67,640,2020-03-28T01:37:59Z,4NAyJeHTpWh0
68,136,2020-07-05T09:50:43Z,XS4cHuPAy34y
69,244,2020-12-26T10:58:40Z,XdveBvs0Z
70,977,2020-08-06T22:37:02Z,HHw6lWY
71,939,2020-04-30T04:13:46Z,bivw9LYzOmmc
72,864,2021-01-04T15:04:12Z,BEsORDFY5a
73,899,2021-02-22T04:23:35Z,Xgs7Be
74,375,2020-05-26T19:57:31Z,YNUTXnJ3PHD
75,309,2020-07-23T21:23:30Z,5gRS8H2WpM
76,262,2020-07-24T14:21:46Z,jfMByRrs
77,683,2020-11-20T11:57:54Z,c9dA0yvK
78,765,2021-01-13T14:16:38Z,S0TT19
79,31,2020-03-13T07:03:53Z,ZhjDz4K
80,494,2020-04-02T15:04:15Z,FrhhlxuDlJJ3
81,478,2020-09-04T13:20:37Z,LW57rimvC
82,956,2020-11-01T16:45:36Z,EexkfGCMi5
83,786,2020-11-21T13:30:22Z,PuQrUQ
84,896,2020-11-18T12:02:21Z,zw1Uo0t
85,988,2020-07-02T11:54:06Z,7aizyGrh
86,736,2020-06-14T02:57:59Z,NynKcmq
87,531,2020-11-11T01:39:23Z,JHG1GYNxD46A
88,208,2020-05-02T02:41:44Z,vjJ7aP
89,38,2020-05-15T00:17:55Z,hrCKGQeeMF
90,60,2020-06-27T15:39:04Z,BRtwc1mx
91,597,2021-01-05T23:05:45Z,Sv32lQ
92,741,2020-06-06T00:53:34Z,JfBxhgO
93,716,2020-07-03T10:22:17Z,JkPuWu3V
94,94,2020-12-18T19:39:59Z,G47GsSDjl
95,469,2020-08-07T02:16:49Z,IVnEkvduA9
96,437,2020-10-26T17:34:33Z,eMcl5zwTty
97,918,2020-12-20T15:47:42Z,ARTSnw6B
98,223,2020-06-22T18:50:51Z,eDGzf4Ogybxt
99,210,2021-01-15T16:40:55Z,1CLEjFL5DAU7
100,12,2020-09-16T19:34:40Z,IwElIWmB
101,641,2020-12-12T11:41:14Z,mhHBkJURbS
102,626,2020-05-09T13:54:05Z,nV7H9kO
103,786,2020-08-16T12:48:57Z,EYwduxNEj
104,967,2020-04-08T08:25:20Z,NtNKDTF8C0rj
105,857,2020-09-10T11:00:06Z,DBbPeU
106,206,2020-09-25T08:00:51Z,aMDNWXgeah
107,699,2020-09-20T19:04:31Z,A1nT2Csw
108,263,2020-10-11T05:03:11Z,ZECONkIe2yQ
109,514,2020-10-31T16:49:08Z,ONOdFqx
110,45,2020-08-04T22:07:53Z,OtsFy4CQTffa
111,408,2020-04-11T22:37:02Z,ZHVvJR
112,293,2020-03-23T05:58:07Z,DPwLjw
113,798,2020-04-09T12:04:29Z,cY16P17jmrm
114,855,2020-04-24T11:46:43Z,UwtpCNhBvGEU
115,666,2021-01-15T17:29:17Z,RZMZvK7
116,852,2020-09-20T23:00:23Z,OOW3NxBr9
117,702,2020-09-06T11:04:16Z,AD66cs
118,462,2020-08-22T09:08:28Z,Ddz5XwNf2Z2G
119,452,2020-11-20T14:39:49Z,JNSLCQWFgeX
120,739,2021-01-15T02:38:11Z,ss6W6iB1S
121,122,2020-08-17T11:42:54Z,RmxLOGp
122,377,2020-06-10T01:09:36Z,8CD0MZKz7
123,539,2020-05-15T23:13:04Z,CZRV5PHazok
124,341,2020-09-06T14:09:51Z,xNa9EdB36N
125,387,2021-01-11T13:39:33Z,789RVA2
126,622,2020-09-28T19:37:14Z,ZObDIjj3Rh2e
127,44,2020-09-13T12:12:16Z,DpQswDBVz0Q5
128,634,2020-12-28T15:25:12Z,YoLyGh2
129,764,2020-06-25T21:23:48Z,z3MFgoxJzKs
130,886,2020-08-10T06:52:57Z,nwjktd4dvI
131,493,2020-05-07T08:37:03Z,PUFrfHtb
132,121,2020-10-16T21:32:00Z,yOgzzwP
133,105,2020-02-29T05:47:38Z,HotLLc4q
134,862,2020-10-23T14:41:29Z,QNUx6S
135,947,2020-09-13T03:24:14Z,V5UCzsJp5Z
136,268,2020-11-08T01:02:02Z,WR45Jasi9VA
137,481,2021-01-15T19:34:01Z,HSjaGfW
138,545,2021-01-11T18:24:54Z,3WDeob
139,742,2020-08-15T19:40:58Z,CoOZpwcX3
140,882,2020-06-27T17:08:14Z,NAOve42mHGnT
141,477,2021-01-11T02:04:35Z,9SUQUcnlEf9D
142,795,2021-02-07T17:11:08Z,fRzMQ3mSAw9x
143,768,2020-10-11T23:49:22Z,yYFQxm7PX
144,404,2020-09-29T01:59:37Z,I1LlDq5
145,508,2020-03-15T17:03:48Z,HBuy8dF
146,984,2020-06-23T19:38:22Z,rhjDN56J96
147,787,2020-10-26T14:38:49Z,p6EvAQ
148,61,2020-08-13T07:24:38Z,uobYbq
149,572,2020-06-09T08:45:58Z,zeaarH
150,255,2020-07-19T06:10:31Z,ioWGNphXT6
151,313,2020-10-23T19:30:47Z,N1Smtjjdp7zA
152,405,2020-06-12T09:37:37Z,3j5WDf
153,461,2021-01-31T18:56:18Z,YrE2mD0ZIp
154,116,2020-11-29T05:31:07Z,3KZIcVkff
155,699,2020-05-10T15:19:03Z,SWXcgsZp
156,743,2020-02-24T03:00:42Z,kSiaqgFO6
157,769,2020-05-20T11:31:10Z,iCOymIM
158,780,2020-10-06T11:50:40Z,yriAjMXN2
159,210,2020-05-13T21:48:26Z,LeS0RNgOV0z4
160,192,2020-10-27T08:08:23Z,K5rVDh
161,335,2020-10-27T12:29:41Z,IhO8yBr
162,583,2021-02-05T08:28:57Z,xGO0e9D
163,824,2020-09-11T00:47:33Z,HQkhEpZcU3tD
164,114,2020-08-02T10:30:49Z,9VulylReT
165,403,2020-10-14T05:20:49Z,9fkTOYmpbk
166,467,2020-03-03T04:58:49Z,CuN2ye5EC
167,575,2020-08-20T19:26:57Z,Jc48CDYq
168,788,2020-05-18T20:28:24Z,PIazKXtGJvvq
169,860,2020-03-25T09:16:58Z,GYfPqH0rl
170,211,2021-02-22T04:32:58Z,RbNQJjFmC
171,212,2020-09-04T00:45:22Z,Qz56Eh9D
172,606,2020-05-23T20:57:43Z,3WJlz3s4K
173,719,2020-07-17T04:39:31Z,mzNxpauCiq
174,458,2020-11-24T12:04:58Z,0MvDV5
175,34,2020-07-21T15:47:38Z,eiqbiH
176,447,2020-03-06T15:55:28Z,ZrHbKN5eG
177,950,2021-01-26T08:35:52Z,7F5qewurrDNz
178,11,2020-10-30T09:32:31Z,TlSYwHhLnNqV
179,976,2020-09-28T02:42:08Z,w19dAuQWCG
180,608,2020-05-26T04:30:27Z,tavSZKD43
181,675,2020-05-06T04:19:12Z,MnXJWtTac
182,169,2020-05-19T07:24:21Z,NmsR6PTTF
183,453,2020-07-08T07:15:36Z,UigXAlk7lw6y
184,254,2020-03-05T18:45:31Z,ONQKUiGUqL
185,767,2020-03-05T01:47:12Z,eNVmp2EZg8zK
186,279,2020-03-25T14:27:52Z,wKaxQAFO
187,641,2020-08-21T05:15:52Z,UUKFxASrWA
188,73,2020-08-02T06:25:58Z,Uob0NzoNl
189,607,2021-02-21T07:04:24Z,5MsObh
190,322,2020-09-06T04:54:08Z,S9B2VnIecg
191,379,2021-01-26T05:08:24Z,htbpQLHj
192,123,2020-10-29T21:50:29Z,qxkeVb6
193,330,2020-12-20T07:04:56Z,rMaTtCqH9lz
194,388,2020-12-22T08:00:45Z,Tq88rFx
195,954,2020-02-27T03:57:31Z,KzVTTDQqj
196,944,2020-08-06T19:38:20Z,FqefewB
197,216,2020-08-24T13:57:20Z,nBIu9z9Tl6
198,881,2020-05-07T22:51:46Z,JkSVlOFcXyd
199,254,2020-11-04T17:36:44Z,5Ozv6Bj2lS
200,582,2020-06-14T01:35:14Z,xLyZEoXZ5mZ
201,358,2020-09-17T18:17:04Z,PIpXh0hH
202,352,2020-12-08T19:06:15Z,acEh78v6
203,185,2020-11-16T10:39:00Z,4hPlojPc8
204,222,2020-03-01T15:39:48Z,87abn8pr6y0
205,931,2020-03-18T03:54:27Z,thZA99d
206,711,2020-03-01T13:49:11Z,6F1HJa
207,239,2021-02-09T17:49:21Z,i9BmSt1bV
208,464,2020-02-29T06:21:46Z,t153yP
209,992,2020-05-05T18:05:21Z,5eBWrE1I
210,41,2020-02-25T17:06:22Z,vu5DYdafZb
211,315,2020-08-23T22:48:56Z,u2ikx8vz6u
212,943,2020-08-27T02:59:23Z,SUhUIw
213,808,2020-04-25T14:41:31Z,IQnklcoHO
214,996,2020-11-28T19:05:30Z,W2KsTjaNS60
215,81,2020-06-17T07:49:08Z,KBkzy76
216,162,2021-02-09T19:46:33Z,6QbxqD7v
217,875,2021-02-17T01:55:03Z,4llHMc0qskr
218,520,2020-09-04T11:10:26Z,ipO4EaFlE
219,606,2020-04-18T20:57:31Z,YGxq2PMxdC
220,411,2020-10-20T18:51:20Z,LICySA
221,397,2020-05-13T17:43:20Z,LNAJCdpX
222,201,2020-08-29T03:07:40Z,45GtrQrUX
223,406,2020-11-19T10:24:46Z,U6YQTwZ9
224,915,2020-05-22T05:34:42Z,GFw9xGS33b
225,8,2021-01-12T12:45:42Z,tYtMcvBhUh
226,159,2020-06-26T11:13:13Z,YIgze3BIP5
227,660,2020-05-06T14:37:08Z,29pTcvP
228,782,2020-05-05T11:57:31Z,Z8FcJqiMIKQ
229,621,2020-09-06T14:34:48Z,8nHtRe4GQJ
230,396,2020-08-21T21:18:30Z,OYUNQc
231,155,2020-09-27T16:55:39Z,vSzjG3
232,897,2020-10-10T13:14:21Z,zvArLZ9Z3
233,944,2020-05-15T11:11:01Z,nU4g4ZL16
234,638,2020-07-05T06:17:19Z,dFRRlKAU61
235,333,2020-08-30T12:54:52Z,3x8aLq0b
236,168,2020-07-23T04:10:28Z,Eijmz5N5b4
237,597,2020-08-27T17:57:43Z,L79nnML8qdbG
238,56,2021-01-12T05:06:45Z,NQKIcv
239,984,2020-04-05T00:27:10Z,UO9Jf6m8YmP3
240,134,2020-09-28T04:39:24Z,CwKYxMbWcmg
241,573,2020-08-07T02:18:01Z,xaOkLKx
242,740,2020-05-13T01:14:54Z,oe2CDsn
243,839,2020-04-22T09:26:19Z,ejvqb8P
244,867,2020-12-21T19:33:45Z,lwRHp2O1ao
245,972,2020-09-08T10:19:39Z,n8SfvNfqa
246,288,2020-09-16T08:13:47Z,nf6hyafA
247,867,2020-12-01T11:29:36Z,VEdPTyurx0J
248,314,2020-05-21T19:19:55Z,H8FBBy5zvzZR
249,618,2020-04-05T03:55:52Z,J3GYlFvASBQH
250,450,2021-02-13T10:29:29Z,o0A1rLux
251,940,2020-03-30T11:15:30Z,XTdVn0EHOi
252,517,2020-07-15T17:01:27Z,7Qhz4PHjLWf
253,4,2020-03-07T08:17:28Z,ylEsUKa3D2x
254,252,2021-02-01T16:58:36Z,4Inx5Zwsfejd
255,701,2020-07-25T15:33:05Z,TXdYGPcEx
256,217,2020-08-26T17:53:53Z,AguIRvjP
257,287,2020-12-19T09:36:14Z,HfJjSu6KT
258,919,2020-03-28T08:10:11Z,rJ8LDHay4IG
259,813,2020-04-14T14:27:00Z,71DvboJnIFq
260,700,2020-03-21T05:33:19Z,3W4zGPFpEwvC
261,612,2020-09-05T23:43:54Z,EcMqEg
262,662,2020-04-18T10:30:23Z,v1bywZG3x
263,715,2020-08-21T19:12:54Z,MBUYnsDVSpD
264,848,2020-03-20T00:19:36Z,o3esl3LtHQ
265,624,2020-03-18T16:15:11Z,7MMzBQQ1QBu
266,51,2021-01-03T20:31:50Z,CBgXgUeU69w7
267,527,2020-08-16T14:21:27Z,XxIRJI
268,354,2021-02-06T00:59:10Z,VSVDi8uZ
269,754,2020-08-27T15:30:03Z,JDhASLqsuQ
270,802,2020-04-08T19:28:55Z,Z5cZjnjMW
271,222,2020-11-22T08:27:53Z,LGilj3u
272,979,2020-05-06T17:37:48Z,EZRl0x
273,574,2020-03-11T09:04:15Z,olrU9E
274,561,2020-05-25T03:01:43Z,gLhM4x1tGto2
275,547,2020-07-14T14:15:25Z,AWWOIIet
276,453,2020-08-08T16:57:50Z,RVgCe6XOJGF
277,75,2021-01-29T15:00:30Z,pwq62qIABbtm
278,961,2021-01-23T07:27:04Z,MeAlXf5
279,1,2020-11-06T12:33:20Z,uGuwHKIyX9
280,143,2020-07-20T01:24:37Z,9U7h7QcQtRwL
281,650,2020-08-16T15:01:18Z,kIRbHw2owcj
282,198,2020-08-13T16:09:18Z,fLXdrIfclo5n
283,809,2020-07-06T16:17:52Z,gkd2mSJd8
284,293,2020-03-08T16:09:54Z,Tlwnhvu6UOn
285,652,2020-08-11T18:39:52Z,bHvnsA2
286,559,2020-05-11T06:53:33Z,mOkE6jOjYA4
287,214,2020-11-14T00:35:43Z,ps1leLWa
288,857,2020-03-16T02:22:06Z,Hsoxp9fJh5
289,409,2020-04-16T02:39:34Z,3usbCrAT
290,270,2021-01-21T05:19:57Z,BZAiCk
291,506,2020-06-09T08:07:11Z,R85oBW
292,188,2020-12-15T20:19:29Z,as4BmJ1x
293,384,2021-02-10T03:14:10Z,RehBJSO59qY
294,719,2020-03-17T17:11:55Z,Ifb1cpx
295,641,2020-05-10T10:29:34Z,ksxAfN
296,435,2020-09-12T12:09:31Z,vXuzfx8
297,914,2020-11-30T01:27:10Z,rqeZ1vnTfxI
298,579,2020-09-20T03:54:49Z,Hw5tbERI06
299,207,2020-06-01T11:22:09Z,VpHnw3SR
300,18,2020-05-01T05:03:15Z,jnCypm1To
301,585,2020-04-06T07:19:54Z,kjOnfKCWfD7y
302,734,2020-05-04T12:45:21Z,vcDnCA8uEoV
303,899,2020-05-19T16:40:59Z,dxrgwY
304,378,2020-08-06T08:17:44Z,2kHoWerKANp
305,86,2020-12-08T19:13:01Z,yU58rekWVi
306,547,2020-09-17T18:22:11Z,CHcXWdHv6
307,300,2020-12-31T12:11:47Z,8IHdrrl
308,340,2020-07-06T22:28:37Z,S75dOU5q
309,517,2020-12-01T04:06:47Z,K2ppFr
310,386,2020-04-18T02:17:56Z,IDKyrRK4J
311,290,2021-01-05T16:18:33Z,b6VVcRw9Czy
312,837,2020-07-20T22:41:14Z,BVZDlhhcSV
313,359,2020-04-02T14:54:56Z,RapSew1ZTGJC
314,975,2021-01-23T11:06:50Z,CKBFt3sN6
315,750,2020-09-13T01:24:35Z,3zh95KcFgbGj
316,124,2020-12-14T10:37:40Z,0z7Pzy
317,453,2020-04-13T14:31:10Z,ZhdywhCPc
318,781,2020-07-24T09:28:37Z,2yURaqgby5H
319,638,2020-07-05T17:57:59Z,Rx2XeX
320,535,2020-05-14T18:52:41Z,L17Oxg1
321,284,2020-06-01T15:20:57Z,mOqtXc
322,578,2020-06-23T20:38:55Z,SfIO7T4v4Mvj
323,168,2020-11-29T03:31:32Z,k9WDlT
324,878,2021-01-05T03:49:16Z,53LmAD
325,840,2020-06-15T03:57:04Z,R8ZhIik
326,133,2020-12-20T21:26:07Z,JK7aDt3jSXE
327,808,2020-02-25T00:47:49Z,dCMDdWjoN
328,710,2020-11-10T16:03:14Z,SeeOIpZ
329,705,2020-08-12T09:02:29Z,lYrCc5Y
330,628,2020-04-28T22:43:22Z,4NcVUDWtnSWV
331,322,2020-09-17T10:40:55Z,awwFps
332,370,2020-11-02T16:28:55Z,PDLMhJe
333,162,2020-10-24T01:56:57Z,NizGPBIu1Qt4
334,847,2020-08-22T03:16:57Z,5iuRGxeSH
335,928,2020-12-26T12:32:38Z,Yj2WozwJfmTz
336,860,2020-12-24T00:07:57Z,sDFJJE64MKNN
337,879,2021-01-07T09:48:49Z,ijTzPqKC
338,511,2020-04-26T16:23:05Z,oIxVHMhp
339,697,2020-06-13T11:39:57Z,9oBXs3Slk1f
340,757,2020-06-15T09:25:05Z,Fqfzqdn
341,490,2020-06-18T03:43:47Z,PS6rkNh7
342,89,2020-05-01T23:04:34Z,gbJAv4
343,525,2020-08-20T21:28:51Z,eWMDCNBynOf
344,15,2020-07-10T07:12:00Z,wlv8PW1rKg
345,902,2021-01-20T00:28:17Z,Mwf2BzLF
346,509,2020-03-30T12:56:57Z,Deav5f
347,135,2020-11-14T14:13:47Z,lpgWaQWqNo4Y
348,451,2020-03-23T08:44:10Z,MbnoIUhJMwCO
349,732,2020-03-17T04:50:08Z,tuY1iXb050Fx
350,883,2020-08-26T03:40:46Z,qSEYoR
351,278,2020-05-01T00:04:45Z,wf4qN8x
352,467,2021-01-22T21:27:20Z,6SqP2FIh
353,724,2021-01-07T13:59:30Z,WGXNkLIR
354,531,2020-05-17T23:17:16Z,ijMV0m
355,954,2020-08-07T01:16:50Z,sKDnaq
356,363,2020-12-18T13:20:56Z,8YpnXG
357,18,2020-04-27T00:26:15Z,QNxMrEQPht
358,293,2020-07-05T23:04:19Z,qkp2sCCkGR4
359,573,2020-10-12T16:47:22Z,U0ltXi4m2Bl
360,535,2020-12-13T02:53:39Z,UdaX6W
361,484,2021-02-15T16:59:43Z,KDtktLR2a
362,370,2020-05-22T06:23:19Z,ClRmERYz
363,567,2020-05-29T13:39:01Z,GysSSg
364,597,2020-10-28T04:52:30Z,y8Fi5dW00b5z
365,812,2020-04-15T10:04:52Z,xyv6iyj6ENre
366,689,2020-08-04T14:08:21Z,InkVysAMHnHc
367,450,2020-06-04T17:13:53Z,jV4CDI35
368,557,2020-04-07T09:35:56Z,P19cZn
369,568,2020-05-26T17:31:19Z,HdTiZ6bhN4k
370,174,2020-07-27T18:17:15Z,y0GMvi
371,904,2020-07-23T20:20:59Z,Dwj7uy
372,59,2020-11-05T10:44:02Z,8kbXCteu
373,450,2020-09-02T06:52:57Z,Ox2AugLKcay
374,387,2020-11-28T01:29:54Z,tkVzFYHuJQp
375,958,2020-09-03T12:08:05Z,XeolDi3YW2J
376,242,2020-03-06T17:36:11Z,5G5IIMI
377,369,2020-09-08T11:44:55Z,g8cjbaQPTYZ
378,217,2021-01-17T06:50:30Z,c11UtDg
379,762,2020-11-11T21:39:52Z,IvsJKSM
380,836,2020-09-03T23:47:20Z,5BBlUB83MtY
381,775,2020-09-29T13:44:18Z,IFDiosfZtjNg
382,177,2021-02-23T17:33:04Z,50h9Yrm3O
383,170,2020-03-22T12:17:10Z,Obp9eZiJFf
384,144,2020-09-20T03:43:06Z,rt2bE7RSTpJ3
385,278,2020-03-20T02:47:03Z,Rl6lVngRjC
386,981,2021-02-20T09:20:25Z,gEJKfwSd7
387,738,2020-10-21T22:57:24Z,IodQ6p9E8N
388,113,2020-11-10T20:25:13Z,f707y06RHsq
389,868,2020-03-14T05:28:37Z,rU2pI9
390,77,2020-08-10T20:28:03Z,HgGqTh
391,895,2020-10-17T15:44:03Z,WhW8znEloH0
392,134,2020-11-05T06:11:47Z,VDb9qmwdg
393,948,2020-04-10T05:25:40Z,WkjjIOm
394,359,2021-02-07T17:58:30Z,z3eaGdl
395,709,2020-11-22T17:32:30Z,sAdsUGnV
396,162,2020-09-21T23:50:29Z,M2beFQHvBV8
397,775,2020-07-08T20:49:49Z,VgvzCH
398,124,2020-09-28T03:37:14Z,mWi0kHU9Zs
399,34,2020-08-28T22:06:02Z,fZSdA4WN4C3
400,523,2021-02-05T17:15:35Z,8hRFIYJYJeK
401,793,2020-06-12T11:33:46Z,radRiM8cV01
402,103,2020-04-04T08:03:50Z,WrTpmpoes
403,928,2020-03-13T11:08:12Z,WHuPBMzZR
404,374,2020-09-15T14:46:45Z,HbgDmtasALNY
405,59,2020-11-18T21:11:37Z,3OAPtIY
406,478,2021-01-27T06:07:01Z,3Zc2kFGnewT1
407,814,2020-09-12T18:13:00Z,GpL6ddO0rLS7
408,825,2021-02-06T19:12:52Z,I3igH1JTD5q
409,248,2020-06-02T22:31:29Z,oMPMB2
410,145,2020-10-15T10:22:42Z,wpiXpQsz
411,852,2020-09-11T11:28:43Z,czdGMUhAV1
412,134,2021-02-14T09:53:55Z,SqogscNcer
413,507,2020-05-10T21:09:27Z,OCKzBUzG5Pup
414,231,2020-04-08T05:56:38Z,WT5Uj1BK
415,243,2020-11-17T07:51:30Z,VssR1N
416,381,2021-01-13T02:54:05Z,PonBbsq
417,269,2021-02-19T03:39:08Z,N7Y4KDntFaR
418,732,2021-01-23T07:01:25Z,RX9GCbW4R
419,152,2020-09-21T04:33:56Z,0qDnnOTwMA
420,212,2020-07-28T14:50:24Z,oJNC2P
421,506,2020-03-13T23:10:39Z,xh1YdhuJp
422,752,2020-10-29T09:29:54Z,cGacHOvHt
423,529,2020-04-23T17:56:58Z,7GZLJtcOgOU
424,913,2020-07-12T07:32:49Z,CLeOs72K9r
425,512,2020-12-04T08:14:42Z,gIF7AL
426,700,2020-07-20T12:16:39Z,QrC1O7ms
427,620,2020-12-13T04:22:47Z,HozwIc6Ic
428,414,2020-07-19T02:05:39Z,oEq6HriHHBv
429,278,2020-05-17T22:48:06Z,vOqgWnu5
430,140,2020-07-22T14:38:32Z,t4hFiJtW
431,506,2020-06-18T23:03:25Z,Bory97
432,167,2020-07-13T11:11:28Z,Vac188BgYE
433,94,2020-09-15T00:27:40Z,tu1zOpZA0z
434,839,2020-07-09T03:46:42Z,FS6wlB
435,212,2020-07-13T16:56:35Z,vDmZfYOwvA
436,197,2020-11-11T19:55:07Z,Q1LgsBO
437,845,2020-10-16T10:05:12Z,8eDdxo
438,663,2020-10-02T14:20:39Z,CLYZv5g9g9Fs
439,473,2020-08-19T23:19:56Z,iLqzdlsC0
440,433,2020-02-27T09:49:42Z,oBCXUo
441,457,2021-01-20T16:08:28Z,QVSgBiRI6K
442,23,2020-09-25T14:26:13Z,tBogatbxkc
443,677,2020-04-30T20:16:48Z,ooQy9OjAB1zM
444,879,2020-05-19T21:57:28Z,38nU9k
445,351,2020-05-29T21:16:51Z,OF1DLuwEy
446,318,2020-06-15T21:23:37Z,l6RC62mgZNq
447,581,2020-12-23T22:05:44Z,fWmdkmhFs
448,652,2020-11-14T21:35:41Z,451iS6moPb
449,111,2020-03-04T23:32:15Z,CpSnR75HoRp
450,450,2021-02-17T02:34:12Z,nROhxriMmHew
451,544,2020-02-27T02:06:37Z,qbKq72z6Pau
452,251,2020-04-18T02:47:17Z,Mun09s9rja
453,46,2020-02-26T21:17:23Z,ZQvU3L
454,944,2020-10-18T19:42:54Z,zHdEBrY
455,683,2020-04-20T18:33:53Z,mFLX59GG
456,4,2020-08-31T02:58:05Z,iFPvuN
457,648,2020-03-18T11:09:06Z,fOoYRl
458,388,2020-06-18T11:30:23Z,83DeR4emHg7
459,542,2020-09-08T20:55:29Z,CFka2aaR
460,249,2020-11-28T13:03:43Z,bRqq5S
461,369,2020-07-23T12:50:07Z,744SLB
462,50,2020-04-26T02:35:18Z,Bgloq1
463,638,2020-12-18T19:56:40Z,fzQAXt
464,403,2020-03-31T23:50:47Z,nz0rmLZpNYPl
465,467,2020-07-27T14:12:33Z,hhjYjKDn
466,629,2020-03-05T09:05:43Z,OgPs3vJMg
467,120,2021-01-02T16:14:52Z,VSVPgp
468,281,2020-09-20T12:23:50Z,Nc3JvalPbRmM
469,799,2020-10-06T15:59:02Z,jjSGiKsV9
470,336,2020-05-24T20:44:59Z,6DhFC5Td
471,856,2020-07-12T17:31:34Z,3wDFQyCwX6
472,655,2020-08-27T09:37:52Z,kLHyPSLXI
473,945,2020-03-23T18:30:48Z,StSRGhXmx
474,776,2020-11-16T13:07:02Z,vM8AxASpM
475,790,2020-05-23T23:24:16Z,RzoP1WKyK
476,576,2020-11-02T06:41:47Z,keQ0yOO
477,49,2020-08-21T03:17:35Z,dAOLWkhrr
478,780,2021-01-17T01:57:38Z,s82gZcPB
479,363,2020-11-02T12:52:01Z,TxS1NtC8bffU
480,187,2020-08-20T00:34:50Z,zneRYe
481,652,2020-04-29T04:56:34Z,jhkZzOp72O7
482,136,2020-03-03T15:34:32Z,lIFuw5h
483,314,2020-12-12T14:34:32Z,utHTsseQaDWt
484,755,2020-11-07T18:23:39Z,HAlgHP
485,595,2020-10-16T17:25:20Z,F9VKF4SNUct3
486,867,2020-07-11T19:51:04Z,NfVfyAlJLgxN
487,529,2020-09-19T02:23:09Z,jXyGc6RUd
488,329,2021-02-08T16:59:02Z,Y9vMAtFqJ
489,361,2020-06-29T18:08:59Z,Uq21KbXM
490,820,2020-12-27T12:36:40Z,XwY0pEtFtN
491,40,2020-11-10T05:41:19Z,Z688jzcs69Kz
492,115,2020-06-10T12:57:08Z,Z9kxsuAlZKIV
493,336,2020-04-24T10:29:51Z,N7X8Rh
494,578,2020-08-17T15:41:19Z,a5L0kI9
495,760,2020-10-18T18:52:05Z,61NTeK
496,370,2020-09-25T10:46:20Z,65NNcpv41q
497,800,2020-12-09T21:19:38Z,TB3IYh
498,589,2020-09-24T08:18:58Z,qt3yfDuzvbkQ
499,40,2020-11-21T05:36:53Z,uHKoSn
500,278,2020-10-23T18:21:20Z,zUsDt4Pu
501,788,2020-08-04T22:37:48Z,tSH8TIYf8z9T
502,549,2020-11-29T22:07:12Z,rvPjR2feotxI
503,507,2020-07-14T04:05:36Z,mSbcEPZhivzx
504,873,2020-05-17T07:58:22Z,pfPeZygjaKV
505,166,2020-03-28T15:02:14Z,wh5tWxbp
506,285,2020-09-17T14:18:23Z,oh9fB4U2Rix
507,594,2021-02-10T20:57:44Z,zX9Mzzqm
508,694,2020-11-06T07:14:32Z,0kT7fysRtbN
509,995,2020-12-31T06:57:53Z,yUVkxhVc
510,537,2020-03-24T16:37:31Z,a1xi0XbXyNZ
511,606,2021-02-11T14:50:02Z,G9FZxvc1B
512,441,2021-01-05T13:07:31Z,DYk27zJv
513,404,2020-05-15T00:08:52Z,nIm50dW
514,883,2020-09-28T10:31:33Z,UlyXmqZz2
515,565,2020-07-11T10:48:58Z,WLaAUro5kk
516,183,2020-09-11T14:23:33Z,2mmsTwrhqy
517,912,2020-03-16T03:25:41Z,4t23ee8oY5
518,82,2021-02-03T19:29:06Z,0BgdP2Q1rwg
519,141,2021-01-06T00:57:47Z,QWWWguyfY
520,473,2020-08-13T13:10:22Z,1YMLqahc
521,564,2020-04-24T20:04:46Z,EGOiz7jP
522,105,2020-04-25T08:46:19Z,d3dsA9
523,476,2020-10-05T05:24:21Z,rrPZsh6Ll
524,129,2020-06-09T12:37:03Z,nixHTik
525,665,2021-02-04T20:33:56Z,YF3uzdZ1
526,537,2020-05-03T14:48:19Z,cs6S92W3mhjq
527,437,2020-04-25T18:35:22Z,cK28lF9HiMxW
528,734,2020-03-25T06:47:03Z,BoiTIozx5Etn
529,916,2020-05-26T14:56:22Z,FcVzfImxp2
530,13,2020-12-17T05:38:12Z,FDjXss0gYdk
531,110,2020-06-02T16:20:58Z,v8q4gPd9aA
532,209,2020-04-17T02:54:54Z,0Eln5QK
533,232,2021-01-01T15:30:29Z,AA0P7pIaXp5B
534,439,2020-12-28T17:45:53Z,UfI7sTM3
535,534,2020-03-31T15:32:24Z,cfEGZUk2dA
536,47,2020-10-17T21:45:23Z,NemW2kq
537,368,2021-02-23T19:25:28Z,FpGSqIaX
538,261,2020-10-16T18:45:48Z,rg7lDk
539,191,2020-08-27T19:15:55Z,qRuBwVGh5fb
540,845,2020-12-28T04:44:30Z,EEk6r0I
541,127,2020-03-21T12:53:59Z,Xxd2Cm
542,844,2020-03-06T21:34:39Z,4oI5RhqFYex8
543,744,2020-11-28T21:33:55Z,TT1vtiNHJ8
544,168,2020-06-30T00:05:38Z,xt34cBnH
545,610,2020-08-30T21:14:31Z,3ZPel2F1l
546,228,2020-11-27T15:59:21Z,Ph3vGkS0z5
547,729,2020-05-03T12:50:10Z,XpDLBK
548,764,2020-10-12T06:53:08Z,yWVOB2azkrS
549,513,2020-10-09T21:47:44Z,cPeNLURs
550,677,2020-08-11T06:52:52Z,VZbr4K
551,285,2020-03-27T13:44:34Z,SF1fsdU6
552,635,2020-10-02T10:43:11Z,pXelp5o
553,756,2020-10-24T11:18:32Z,xVDgi1vBxsY
554,645,2020-11-08T05:21:49Z,mRWS20kIYr
555,237,2020-08-01T05:55:30Z,s0axLpANIrb
556,392,2020-11-02T01:45:47Z,c5m18a3hERi
557,822,2020-03-14T02:33:35Z,LAihin
558,554,2021-02-03T19:38:57Z,4UQiVJnHa
559,355,2020-08-29T05:39:25Z,c3XYZm
560,321,2020-11-28T09:17:35Z,luOT7pTvBCih
561,973,2021-01-13T12:19:48Z,EQgzl8xyGiD
562,379,2020-09-20T15:30:12Z,FbzOJUTUq0s
563,942,2021-01-07T18:16:05Z,7dqxoUuOSVct
564,383,2020-04-23T20:55:33Z,ytJK12jOO66
565,216,2020-08-23T18:38:11Z,CF3Zo1nb7kx
566,193,2020-10-07T20:44:08Z,2qwVNLf92H
567,165,2020-10-13T10:21:57Z,TevOaCRNnu52
568,531,2020-11-18T19:04:58Z,E5Y7cvxgy8eP
569,527,2020-04-16T00:14:05Z,qC2q0Gcco
570,406,2021-02-20T10:13:05Z,uhO7Y3vdP
571,75,2020-04-26T16:24:26Z,jX91Eas4Ph
572,337,2020-03-07T07:39:39Z,1G59auBAKK
573,862,2020-09-22T17:27:38Z,u1C1wH2EZO
574,428,2020-12-06T18:58:53Z,PdIqoWcwnJ6c
575,786,2020-10-17T05:35:53Z,R5zUa4ova
576,705,2020-11-24T20:38:57Z,joLr6BhjRulj
577,967,2020-11-27T20:22:14Z,cr7fsj6rF1
578,977,2020-08-28T23:08:11Z,kvhDvaKHaX6m
579,84,2020-06-10T17:39:51Z,gkpcAjOlM41
580,899,2020-12-10T08:33:43Z,ZJOl49hFx
581,119,2020-12-16T03:59:11Z,8pifN6czP
582,147,2020-10-04T14:19:33Z,PU14b1
583,464,2020-05-06T09:43:28Z,3NtBybbCkzTm
584,163,2020-06-12T13:28:15Z,HVtIj9
585,165,2020-08-12T11:44:59Z,tolwu0
586,306,2020-08-09T06:42:48Z,RXOV9fXtjM9
587,367,2020-06-01T06:28:03Z,ZaQVHgV
588,856,2020-09-06T14:08:05Z,ja9vzIRupCL
589,676,2020-09-06T06:55:36Z,PJywdOht
590,630,2020-08-21T13:23:59Z,ZwWLLb1wDj
591,491,2020-12-22T12:40:41Z,Wa8fD0r
592,752,2020-06-12T14:33:40Z,yASsb100w
593,403,2020-08-17T13:31:13Z,Q8auvQB
594,663,2020-09-15T23:13:30Z,iYZDLiM
595,275,2021-02-06T21:23:49Z,hJTYURTvq
596,700,2020-04-17T19:59:40Z,cgcp9Slev
597,851,2020-05-04T18:21:26Z,jXRAM9R
598,348,2020-12-24T15:48:56Z,gMkIbaKyVVt
599,279,2020-10-18T03:53:58Z,c7LGU8To
600,342,2020-04-06T23:52:02Z,vnuA22BukIy
601,659,2020-11-17T08:29:37Z,K2FumErvQ
602,226,2020-11-14T18:47:22Z,4IqnSmW0Vu
603,197,2020-09-19T18:58:15Z,9gWrYD7
604,824,2020-04-15T20:02:22Z,XAq6XE
605,940,2020-04-18T08:59:31Z,z0xp6rv
606,770,2020-11-23T03:22:17Z,N2wwOlKXAcv
607,735,2020-11-27T21:38:49Z,VSU96t
608,998,2020-12-31T21:33:07Z,RpG5UzKA6Hf8
609,146,2020-05-18T21:52:11Z,SnE3lL1fYskn
610,645,2020-04-08T04:23:35Z,CVrh34
611,13,2020-04-14T00:02:55Z,tlWldvuf
612,274,2020-08-01T23:51:26Z,J2Bx4hiMVm
613,533,2020-11-13T00:44:52Z,5sFqqWC7
614,714,2020-04-02T12:22:40Z,LvuEUWRS
615,785,2021-01-07T18:02:22Z,mkB5abk
616,39,2020-10-07T06:15:26Z,mJQ6HLj
617,849,2021-02-19T21:15:55Z,SDC9bU
618,290,2020-04-09T05:23:09Z,fx3fPnZ7GxOY
619,430,2020-10-15T00:59:37Z,1IQF1fNu
620,58,2020-05-31T13:44:37Z,m7jKzZui
621,492,2020-03-13T14:23:49Z,jiQ0fX
622,384,2020-04-28T00:20:25Z,z0Cvq2lh
623,209,2021-01-12T05:26:18Z,Vq8oJsMP6
624,874,2020-09-07T12:03:22Z,OOb7Xpuguqq
625,322,2021-02-09T02:24:50Z,9GZooN8hve
626,581,2021-01-15T11:56:30Z,lbCJEt
627,996,2020-06-07T03:55:18Z,uwEaTmUOAx
628,452,2020-05-04T18:19:05Z,SgDtx1p
629,529,2020-04-27T06:29:57Z,6V3OdcWO7R
630,419,2021-01-18T05:39:28Z,Oz9Fzob5kAun
631,723,2021-01-09T18:49:52Z,W6tcFUWDoEo1
632,429,2020-06-03T14:46:15Z,8hiHdnt8y
633,763,2020-12-09T17:59:49Z,M9xzDAxv65
634,104,2020-04-22T09:42:00Z,uXRFgjFwzs
635,335,2021-02-09T04:55:05Z,krygVkCHj
636,299,2021-02-14T21:16:15Z,8v7y09cza
637,543,2020-08-30T06:51:19Z,WdWiix
638,181,2020-11-18T10:53:54Z,PzqpWuwIwOP
639,607,2020-08-18T22:12:16Z,Sv1RKmzH9e
640,825,2020-11-20T05:32:55Z,e31EY98KR2K
641,930,2020-05-15T20:27:39Z,lXkHGyyRO95
642,148,2020-02-25T05:05:37Z,mB8rsWn
643,121,2020-08-15T02:47:12Z,PDX8P7ZVk36
644,733,2020-04-06T13:43:27Z,iKpvJx
645,780,2021-01-18T03:40:19Z,3U8gfo
646,502,2020-05-26T23:57:52Z,w5JBEkDCfv
647,511,2020-05-24T13:22:54Z,Yudx0ne4nEFZ
648,730,2020-11-08T16:22:00Z,AgbZWt8L0
649,356,2020-05-16T04:13:41Z,VZw0aE8lYD
650,866,2020-03-18T20:17:20Z,i2BL0ei2X4UX
651,147,2020-06-22T13:04:32Z,Npjvpk
652,48,2020-10-07T07:03:21Z,Tba7HawgYIoI
653,226,2020-06-17T16:31:34Z,g9S8jrknm
654,918,2020-10-11T16:54:17Z,zngaVaoiKiM
655,981,2021-01-03T21:35:50Z,jtwG58nWFO
656,284,2020-10-13T01:07:57Z,OBulz2iMdKv
657,125,2020-12-31T12:14:58Z,QLzb1HtmHF
658,766,2021-01-19T08:44:47Z,2YCIYE3
659,54,2020-08-26T21:39:14Z,RYhjhCxEL
660,645,2021-02-05T03:03:47Z,2s1In3Mz3fod
661,217,2020-09-06T18:48:34Z,6KwyCotQfS
662,935,2020-06-07T22:12:28Z,zkVVTnO9f
663,471,2021-02-08T21:26:08Z,sCmKPR
664,547,2020-06-08T08:32:57Z,gWkAnKyPf52
665,308,2020-06-22T23:30:03Z,Vftn8g
666,238,2021-01-16T20:45:02Z,XuEIrp
667,9,2020-03-05T23:29:13Z,0dFQjfnUYf
668,465,2020-08-08T19:25:23Z,Rcdoej6uBiL
669,100,2020-12-10T09:41:32Z,xiUo5J62GM
670,640,2020-10-26T14:59:51Z,9OjLOo
671,122,2020-08-27T08:02:02Z,lgqTed
672,547,2020-06-26T16:37:41Z,GqIkqGHmbZxx
673,296,2020-08-21T20:15:00Z,LY5znw8gwTJR
674,735,2020-12-21T00:22:28Z,HYqgClr2SeSK
675,554,2020-03-23T17:15:57Z,mypilq8AXvu
676,424,2020-10-02T13:57:34Z,Zoo0T1IqkUhc
677,302,2020-08-08T06:08:52Z,N9o8EpNpCQ7
678,664,2020-10-01T19:43:24Z,rYeXQi13HdcD
679,671,2020-03-02T20:50:45Z,omilMe
680,625,2020-04-04T11:40:23Z,QMM983x5
681,472,2021-01-31T17:59:36Z,NIqKuGH5yN
682,32,2020-02-24T04:51:49Z,tN5sEJA92
683,490,2020-08-02T16:29:59Z,GOjXeS
684,560,2021-02-05T00:23:56Z,RGt9Xyn8TD0V
685,475,2020-09-02T02:41:12Z,CEHXEL
686,276,2020-08-06T00:55:56Z,LmfwXHybrS
687,571,2020-04-10T02:43:27Z,ZYDbDMO1p
688,901,2020-11-03T23:22:03Z,lM2hCVQx3
689,623,2020-03-28T06:30:56Z,EE5rOeJI
690,72,2020-09-13T09:17:28Z,xrSRaIUy
691,52,2020-05-22T03:07:30Z,xawM7vsTZyI
692,812,2020-07-29T03:10:12Z,Ma58thWzYEnj
693,500,2020-07-05T13:23:55Z,52zMeQofsL
694,681,2020-02-24T06:45:15Z,kGhpkwDK
695,843,2020-04-21T14:31:37Z,t4cUfYzq8Hl8
696,363,2021-02-06T09:07:44Z,W124zo4wsr6y
697,160,2021-01-09T17:59:29Z,bdz2Lt1np
698,212,2020-08-13T03:17:05Z,FSjqISikLY
699,458,2020-05-04T04:37:40Z,Apo4K1x7a
700,801,2020-10-19T07:13:34Z,3eIK9WFGB
701,908,2020-04-04T07:36:14Z,tiuqlbq
702,307,2020-07-11T18:50:55Z,h9h6tG3B
703,308,2020-03-25T22:37:08Z,TpOh43hwvzy
704,667,2020-10-02T15:20:39Z,VMxnIxvGIO
705,707,2020-09-18T22:16:38Z,cLwsDg9Y
706,149,2020-11-05T05:54:21Z,q1vkhZ1ePxJc
707,707,2021-01-12T18:16:48Z,w3aZLLXNd
708,419,2021-02-20T06:50:39Z,rOhD9b
709,357,2020-08-10T02:40:49Z,hR52NEu3sZVX
710,940,2020-09-26T23:47:57Z,kPvNK51N1
711,346,2020-10-28T02:53:29Z,AjDJ6xD
712,207,2020-05-23T19:11:17Z,c1QE0KHoA4a1
713,100,2020-03-25T17:23:34Z,43qS1QAaW1
714,276,2020-11-02T01:16:14Z,xCRoNCx9fQbw
715,345,2020-03-23T11:04:56Z,UCWdWEKZNR
716,179,2020-08-28T17:53:40Z,jF80CKaxwWvJ
717,172,2020-04-20T04:51:56Z,8wtWfilA6DI
718,949,2020-02-28T22:47:49Z,PRyFbza9seNa
719,822,2021-01-16T10:33:42Z,lP7A2jyam
720,312,2021-01-09T22:49:42Z,piiphham
721,63,2020-12-22T18:24:03Z,f21fqGD5Mk
722,849,2020-07-15T12:10:56Z,ErWZCyiV
723,979,2020-07-08T16:35:59Z,SJBL0HU
724,725,2020-03-10T08:35:45Z,fOcLDTI
725,742,2020-09-21T16:18:45Z,T77C9U
726,100,2021-01-31T07:12:47Z,sY6Et4Y7
727,330,2020-03-12T00:44:56Z,HTkhMbXMVw
728,135,2020-05-19T01:04:24Z,bzAWIXxCh
729,779,2021-01-13T15:40:56Z,8vgiqxjRgqBT
730,310,2020-04-15T05:27:30Z,X78mPb
731,308,2020-12-28T19:21:42Z,CsAt29UOTYVH
732,51,2021-01-07T22:39:27Z,EMeStalssR
733,489,2020-08-11T04:16:16Z,4LOZ2ny
734,180,2020-08-08T20:50:06Z,bTsbp1
735,307,2020-07-01T03:06:51Z,pJsGLHlaj7O
736,924,2020-12-14T11:48:23Z,SyqroOw3p
737,134,2020-10-11T17:45:10Z,Yusf42ZjH
738,556,2020-07-27T19:52:44Z,UVgMmWmxo
739,576,2020-03-02T19:02:46Z,1neqkkvYZI
740,242,2020-07-16T18:09:10Z,XxgWQSaVAAE4
741,831,2020-04-07T17:08:13Z,gCVzaFWQ
742,598,2020-12-06T10:39:45Z,iCznXMSAAUgC
743,108,2020-12-11T13:22:37Z,DmjfVKKc
744,415,2021-02-20T02:43:36Z,Mt5r6VCAn45L
745,29,2020-07-29T18:46:41Z,c7WMvqhnZjO
746,205,2020-07-24T07:40:29Z,Al5kum
747,668,2020-12-07T18:49:21Z,f8Ak3gr
748,94,2020-03-28T11:23:30Z,1ea6N6ggy
749,336,2020-03-23T17:07:11Z,uNPgvjb
750,395,2021-02-23T15:37:42Z,83lrsFSbJF4
751,773,2020-10-11T12:47:00Z,84UHRP
752,802,2020-12-23T18:35:31Z,EW2JAVipX
753,847,2021-02-15T16:25:51Z,lLvdmjbSYtKB
754,921,2020-07-19T22:45:20Z,8jwkPmobi5
755,877,2020-11-01T22:53:40Z,TOWLjgvvsG
756,761,2020-08-03T12:56:17Z,SG6InnHqFt
757,533,2020-08-02T08:30:00Z,TbzKgiiY8
758,168,2020-08-25T16:33:21Z,cABM71WhQid
759,647,2020-10-27T00:55:47Z,7UN5VliPRvUI
760,540,2020-10-23T02:21:11Z,QeBSkY
761,88,2020-10-17T10:36:02Z,NuRXgYOzWEx3
762,570,2020-04-14T05:17:39Z,BrZwIYo
763,862,2020-06-30T03:58:07Z,JpfQm1FiO
764,868,2020-10-12T05:54:23Z,rFnszacPI
765,584,2020-08-31T19:07:50Z,MEfjSVbvx13
766,471,2020-04-06T10:17:05Z,FBpeWuar4
767,803,2020-11-22T21:01:01Z,wF4M8bjxLM7
768,432,2020-12-24T16:04:51Z,bZoTTGuV
769,246,2020-11-30T18:12:13Z,5g8zHT
770,584,2020-07-04T22:16:06Z,cuJbqzjy
771,879,2020-06-11T09:41:53Z,IYBnQMRaLESZ
772,466,2020-08-07T05:43:20Z,6kJ4jbjO
773,882,2020-12-20T18:59:45Z,tAvEk3E
774,44,2020-08-08T11:30:50Z,WtPSQoaQKa
775,402,2020-03-22T09:37:56Z,JEFXiGPO
776,785,2020-08-18T18:07:54Z,tmtyCd4xX
777,976,2020-08-18T03:23:14Z,BWfS11s1
778,737,2020-07-25T23:56:37Z,1GD6rmcWO
779,294,2020-11-23T12:44:05Z,acTEPio9
780,198,2020-03-29T18:49:14Z,1qZKIWiru7
781,880,2020-08-24T12:03:13Z,bmaYYZZ8DK
782,106,2020-05-05T12:51:56Z,ILLCBTOl6
783,220,2021-02-08T04:54:21Z,aoM6yfaDc1
784,260,2020-05-20T05:07:38Z,IOjy0BUr
785,732,2020-10-02T14:04:00Z,MqCaui41xg1u
786,51,2020-06-07T23:54:28Z,eX6K6rF1N3c
787,733,2020-12-06T17:16:50Z,GwT1wsl
788,602,2020-10-02T12:17:40Z,LaKFSf
789,231,2020-03-27T16:35:16Z,4Y0OeU
790,135,2020-10-19T15:03:50Z,bdXGzV8Ojd
791,788,2020-09-09T19:58:06Z,ZnNe7Lvo0a
792,660,2020-08-24T10:23:43Z,V5Rzrpx6Eln
793,422,2020-07-03T04:34:50Z,ZF3ZFbtpqX
794,977,2020-05-16T22:34:29Z,uIQzQU
795,118,2020-05-12T17:12:39Z,vd1mo210z0bo
796,383,2020-04-27T07:25:33Z,PThRo1DDRe
797,769,2021-02-07T15:03:33Z,eULi5EU
798,147,2021-02-10T14:04:03Z,CG9KitSs
799,729,2020-07-06T07:28:19Z,Rda6a0B
800,555,2020-05-04T05:39:15Z,Limr7mQG9Tc
801,828,2021-01-24T12:26:04Z,b568IOL
802,700,2020-08-30T22:44:18Z,9kGBWx5wfBub
803,512,2020-06-13T00:29:06Z,yT3x0PI1hZ
804,988,2020-03-17T20:02:44Z,l3i0nv02
805,261,2021-02-10T17:05:12Z,Pp6n0GXFVtv1
806,200,2021-01-21T06:44:15Z,NFsQSJU
807,893,2020-09-30T11:00:19Z,hqG8at
808,588,2020-12-21T05:39:49Z,FMfrLJn
809,930,2020-11-17T06:10:40Z,6JZej4bbOMyw
810,449,2020-07-03T09:13:08Z,18iSZovdyUF
811,744,2021-02-09T03:24:22Z,xVkiEQts
812,230,2020-12-19T09:51:31Z,wOsIYEUH
813,785,2020-03-22T00:55:48Z,cVFs6gcU9
814,906,2020-06-27T20:57:10Z,5yZssK
815,964,2020-06-11T11:19:41Z,8dhpFk
816,225,2020-10-12T17:13:35Z,oi4ySqxe
817,564,2020-03-24T14:38:20Z,Uz68D8
818,738,2020-10-06T16:27:59Z,SxDNCaoWlRtb
819,48,2020-04-07T04:03:06Z,FZOt44bh
820,773,2020-07-12T06:56:18Z,M9jIZIJ4SHDJ
821,903,2020-12-22T15:42:46Z,tiEYMzb
822,539,2020-10-17T22:16:13Z,tA4B9hQD
823,256,2020-05-11T05:46:59Z,cFpNI07
824,826,2020-06-30T18:52:57Z,VlBGcW
825,484,2020-10-02T13:06:22Z,hisOYDTUry8
826,95,2020-05-27T11:43:19Z,fgxgOj
827,955,2020-03-19T10:23:54Z,413GFt
828,602,2020-07-06T06:34:30Z,WYRiDB
829,799,2020-04-22T15:39:36Z,OjLLzaycW
830,6,2021-02-12T12:44:10Z,zUlVYPr
831,722,2021-01-03T20:47:31Z,FEibdxMXTRJF
832,556,2020-10-08T23:06:20Z,hzszk6JPJ
833,747,2020-10-10T06:40:46Z,zQdvXulB3
834,941,2020-07-02T06:00:24Z,eGlg0qBz
835,341,2020-06-17T18:38:47Z,qPAUjS
836,624,2020-10-04T21:42:12Z,l81YOO
837,659,2020-03-03T17:30:14Z,gu2HyQh7YzPm
838,424,2020-08-06T14:16:59Z,Fj8RkPwN
839,209,2020-03-29T03:30:36Z,U8oQ297Fqa5
840,205,2020-02-26T01:48:52Z,c1FFzP9xC3
841,158,2021-02-17T05:59:33Z,AAH3e8
842,735,2020-05-04T20:15:32Z,iR2oMVEhsnOd
843,343,2020-05-03T02:15:32Z,iujfvfjyCIz
844,1000,2020-07-10T04:48:11Z,hpSReVdIFWE
845,890,2020-08-05T06:56:50Z,EGrLnhy
846,707,2020-07-23T23:01:53Z,bjO89JsSoAf
847,24,2020-05-30T16:02:19Z,0iBpcI
848,733,2020-09-05T14:07:30Z,ngx5fj0IY
849,996,2020-10-31T17:12:38Z,5dW0so3tN
850,365,2020-06-28T18:12:00Z,75WNMCV
851,886,2020-12-19T01:16:22Z,gAtD3Iyb4Q8V
852,255,2020-09-16T23:20:29Z,USnRmQ8d0pKq
853,434,2020-04-14T16:07:41Z,4ZYd4L
854,471,2020-05-28T04:28:38Z,FgtKGmAL4sG
855,63,2020-07-01T10:21:32Z,m5QPUE9
856,921,2020-10-07T10:18:26Z,L1TauxoP6W
857,232,2020-03-05T16:39:23Z,mx5njKU40H
858,132,2020-09-26T09:34:45Z,czUCx8LjP
859,382,2020-08-08T19:51:35Z,YpRwRLNBHSO
860,340,2020-07-22T16:01:05Z,1VKFTuZ
861,1000,2020-08-01T20:22:09Z,WBFaun
862,257,2020-10-25T23:05:51Z,Sz0BrjzlJ
863,715,2020-05-02T03:46:35Z,M5MpytIjrRJW
864,399,2020-09-30T19:27:09Z,3Dc0tw
865,614,2020-03-06T03:13:06Z,ts5n76MqQSU
866,329,2020-05-02T05:06:08Z,C0ZCZacoRPN
867,258,2020-10-27T19:24:35Z,w84bTIo3HDN
868,658,2020-03-14T12:15:48Z,2r4BL4
869,678,2020-12-23T10:20:30Z,iCkIervffB
870,937,2020-08-10T05:41:15Z,EIYO74ao0
871,256,2020-09-19T11:21:12Z,01s2MOXQWt
872,717,2020-03-22T15:17:11Z,p8hFDqq
873,626,2020-10-03T09:52:52Z,r16O5xKEgY
874,324,2020-03-18T02:38:56Z,JEG7qVm
875,991,2020-07-27T12:00:02Z,MWDVbh
876,415,2021-02-17T15:27:30Z,RcfzQ73wrC
877,274,2020-12-10T20:50:29Z,IukyeS6Jc
878,766,2020-02-29T09:52:20Z,QOAXKvF
879,748,2020-07-19T23:05:23Z,uMiP3fOGODAS
880,464,2020-04-09T08:24:34Z,zqV0FC
881,540,2020-12-12T13:41:54Z,Gx1qGnHwY
882,670,2020-04-10T23:47:01Z,aoY8WApPuq
883,317,2020-04-19T22:29:43Z,kB2AIHxJ4y
884,206,2020-12-02T01:18:54Z,JQxCmB
885,324,2020-10-05T22:50:37Z,tsuyUymKYG1
886,502,2021-02-09T06:37:53Z,As5kHS2TLP
887,406,2020-07-28T17:49:58Z,B1gZIvez
888,210,2021-01-04T17:47:56Z,dP6cmcep
889,163,2020-05-11T14:20:13Z,EduqHufg4oJ
890,857,2020-02-26T04:44:00Z,HzDTJaF
891,158,2020-03-08T10:40:06Z,Dyw5OGX
892,839,2020-05-19T18:31:49Z,IzZNFx
893,828,2020-05-25T18:13:03Z,eEpeVX4zBkR
894,188,2021-01-09T10:18:05Z,eYk4DB8t
895,544,2020-10-04T20:53:03Z,SB9McA0MMiK
896,334,2021-02-17T11:19:27Z,byGuaIVl
897,762,2021-02-19T18:42:57Z,LAj5zr
898,837,2020-07-25T13:12:08Z,LzB4M3
899,19,2020-12-28T04:52:13Z,DEGYOESYI
900,184,2020-06-10T10:54:54Z,rEvo0s51VxrQ
901,406,2020-12-23T07:14:54Z,40uK7NP
902,799,2020-11-07T08:54:58Z,0rsh77F8y
903,367,2020-12-03T12:51:06Z,moOegV
904,996,2020-08-10T17:50:27Z,VX4ciA44
905,625,2021-02-20T07:03:35Z,XM7DLEvT
906,926,2020-12-27T14:05:37Z,0zPjfnFY
907,237,2020-06-01T10:03:56Z,szubIB
908,716,2020-07-15T18:26:24Z,LQU2HTDt6rZ
909,47,2020-12-19T11:45:24Z,rZKK1b
910,305,2020-07-10T08:25:38Z,6zwWmo52E6
911,54,2020-08-17T02:46:59Z,gFvbs1sS
912,615,2020-12-31T01:34:40Z,mfEE8K
913,782,2020-06-07T15:15:23Z,Q6O49rtk
914,151,2021-02-11T13:37:39Z,q3DCT2
915,671,2020-08-05T07:40:33Z,WEAcPOO8K
916,934,2020-03-24T05:17:47Z,JDWyXKPY2A
917,28,2020-11-02T19:23:30Z,QGD5Dl
918,760,2021-02-02T09:24:26Z,TDeJEYYMw1aP
919,154,2020-03-25T04:46:57Z,jESa23Ex
920,162,2020-03-07T23:55:28Z,N0CqhiYZIFRr
921,601,2020-08-27T09:34:54Z,yRrQv9MbUJv
922,197,2020-10-27T08:54:50Z,vBHObzBVD8fm
923,983,2020-10-24T06:16:48Z,cxDt6jgNh
924,723,2020-03-14T13:18:24Z,U5cevE4
925,944,2020-05-26T15:08:16Z,cxPOPmD1
926,661,2020-12-26T00:26:08Z,dblYsBQvqfz3
927,839,2020-05-28T10:09:26Z,FgKQ3a
928,966,2021-01-03T12:15:49Z,isgyzReL
929,940,2020-09-30T01:05:32Z,FY3wRTwYtjY
930,360,2020-06-22T10:15:22Z,ZiYwsQ67Xo1R
931,405,2020-03-21T07:48:35Z,f0YoMcD
932,525,2020-02-27T01:37:14Z,NY7nmxHazf
933,210,2020-07-13T18:04:03Z,EQDAKKVt8G9n
934,551,2020-10-07T07:01:46Z,FIGzcQHA
935,376,2020-12-28T05:14:51Z,dTqzmHQ
936,684,2020-12-24T23:24:16Z,WRmLvI
937,250,2020-09-07T23:24:02Z,pD8OB5P07N9
938,124,2020-03-25T18:13:07Z,Y0dkbhun3enT
939,471,2020-07-03T19:28:20Z,AwYjWP6nPp
940,467,2020-04-04T23:20:33Z,TPLFHfbd
941,372,2020-10-26T03:29:08Z,8ZmKGQW
942,407,2020-03-10T20:50:54Z,hWKsSaA
943,416,2020-11-23T06:34:41Z,GqeuJwu0
944,335,2020-03-02T11:34:46Z,grEx6PN1
945,51,2020-12-05T18:55:30Z,XBRO3Hsse6F
946,863,2020-06-02T10:45:08Z,LKZC37
947,654,2021-01-04T20:53:49Z,bb1Mzp
948,846,2020-05-22T08:22:06Z,Pw02SnbQ
949,884,2020-08-04T21:56:58Z,9p9c8A0U0vaH
950,434,2020-06-27T07:09:16Z,xhWEmvYSNb
951,160,2020-11-05T00:57:04Z,cs3A2oMMq
952,298,2020-03-27T15:25:43Z,kDK0vA
953,163,2021-02-20T10:52:31Z,b518iLiCHUmn
954,867,2020-05-16T21:03:21Z,RsDeUp
955,128,2021-01-09T17:19:06Z,s5MTHC8nUnw
956,854,2020-05-06T19:15:15Z,obEaPQWqTa
957,554,2020-11-17T01:46:36Z,KQq0tNte3r
958,474,2020-10-09T05:44:48Z,TeQGm4D
959,567,2020-07-31T11:36:03Z,5764OLR
960,233,2020-04-24T18:54:09Z,pXorLE
961,805,2020-03-01T04:49:33Z,w3NE8SufA
962,52,2021-02-01T14:54:37Z,TR72Kju9E
963,98,2021-02-10T12:16:01Z,oqYgoI
964,732,2020-07-24T17:06:50Z,5iq28f
965,165,2021-01-27T05:50:20Z,0Ypbj0DAG
966,499,2020-10-13T09:26:54Z,RAczN6AaLl
967,9,2020-07-20T06:11:20Z,frhK8tOrhdMN
968,535,2020-05-17T19:48:47Z,GiifLbMlzAeA
969,529,2020-12-28T07:05:40Z,WmiFExI6ki
970,374,2020-12-19T20:51:05Z,NdN8oBDWptC
971,176,2020-03-29T21:19:39Z,dU5BHQP
972,644,2020-08-27T16:45:11Z,qccT8G
973,160,2020-07-24T20:28:40Z,zEmfW2
974,320,2020-06-17T18:34:23Z,xWbLWwvE1
975,695,2020-02-29T14:23:10Z,SNXuxRE
976,762,2020-04-07T23:45:49Z,Q9Q2JxCApLX
977,466,2020-10-03T20:52:07Z,amv1Q7JTF
978,540,2020-10-17T06:41:14Z,x6hySmXkH
979,279,2020-08-02T08:54:04Z,N3H8HmP
980,90,2020-05-04T03:50:25Z,CTu5tRFtKi
981,556,2021-02-16T03:16:02Z,OtI3M0BhW6J
982,995,2020-04-07T15:23:26Z,YissolnX9
983,446,2021-02-06T13:08:00Z,gwHn8RuWg
984,149,2021-01-29T11:34:07Z,wN1oLiw9n0
985,835,2020-09-02T10:29:00Z,sTkjWX
986,702,2020-07-09T21:27:45Z,aHAPAlBXCDcG
987,378,2020-07-31T22:51:48Z,ROFzwVG1
988,471,2020-07-31T10:24:12Z,Rgky1mF
989,327,2020-04-17T02:32:08Z,bXUr4JlernI
990,479,2020-05-09T23:34:54Z,Z5HmIIFsbT
991,987,2020-11-29T06:08:38Z,Av7lhyAVXRy
992,714,2020-10-08T17:13:29Z,eQB3KBcxdL
993,46,2021-01-02T18:42:45Z,EOAax3
994,196,2020-09-23T14:45:57Z,8E7ad1vILN
995,510,2020-07-19T02:05:19Z,VJ5Oiwrdj
996,14,2021-02-13T04:15:15Z,Q6ci9N
997,336,2021-01-05T12:35:30Z,Rqe7SyiG
998,274,2020-10-10T19:14:13Z,oN7CsGpUoKi
999,290,2020-10-02T01:56:16Z,5EdLiDh0
1000,748,2020-03-04T00:51:01Z,fqsqQOoKB7
